Contact Energy,Chemotaxis Lambda,Proliferative Probability,Replicates,Clustered Count,Clustered Fraction,Distribution Type,Max Cluster Size,Min Cluster Size,Mean Cluster Size,Median Cluster Size,Original 3-Class
-5.0,0.0,0.0,12,0,0.0,Never Cluster,0,0,0.0,0.0,Never Cluster
-5.0,0.0,0.1,12,0,0.0,Never Cluster,0,0,0.0,0.0,Never Cluster
-5.0,0.0,0.2,12,0,0.0,Never Cluster,0,0,0.0,0.0,Never Cluster
-5.0,0.0,0.3,12,0,0.0,Never Cluster,0,0,0.0,0.0,Never Cluster
-5.0,0.0,0.4,12,0,0.0,Never Cluster,0,0,0.0,0.0,Never Cluster
-5.0,0.0,0.5,12,0,0.0,Never Cluster,0,0,0.0,0.0,Never Cluster
-5.0,0.0,0.6,12,0,0.0,Never Cluster,0,0,0.0,0.0,Never Cluster
-5.0,0.0,0.7,12,0,0.0,Never Cluster,0,0,0.0,0.0,Never Cluster
-5.0,0.0,0.8,12,0,0.0,Never Cluster,0,0,0.0,0.0,Never Cluster
-5.0,0.0,0.9,12,0,0.0,Never Cluster,0,0,0.0,0.0,Never Cluster
-5.0,0.0,1.0,12,0,0.0,Never Cluster,0,0,0.0,0.0,Never Cluster
-5.0,3.0,0.0,12,0,0.0,Never Cluster,0,0,0.0,0.0,Never Cluster
-5.0,3.0,0.1,12,0,0.0,Never Cluster,0,0,0.0,0.0,Never Cluster
-5.0,3.0,0.2,12,0,0.0,Never Cluster,0,0,0.0,0.0,Never Cluster
-5.0,3.0,0.3,12,0,0.0,Never Cluster,0,0,0.0,0.0,Never Cluster
-5.0,3.0,0.4,12,0,0.0,Never Cluster,0,0,0.0,0.0,Never Cluster
-5.0,3.0,0.5,12,0,0.0,Never Cluster,0,0,0.0,0.0,Never Cluster
-5.0,3.0,0.6,12,0,0.0,Never Cluster,0,0,0.0,0.0,Never Cluster
-5.0,3.0,0.7,12,0,0.0,Never Cluster,0,0,0.0,0.0,Never Cluster
-5.0,3.0,0.8,12,0,0.0,Never Cluster,0,0,0.0,0.0,Never Cluster
-5.0,3.0,0.9,12,0,0.0,Never Cluster,0,0,0.0,0.0,Never Cluster
-5.0,3.0,1.0,12,0,0.0,Never Cluster,0,0,0.0,0.0,Never Cluster
-5.0,6.0,0.0,12,0,0.0,Never Cluster,0,0,0.0,0.0,Never Cluster
-5.0,6.0,0.1,12,0,0.0,Never Cluster,0,0,0.0,0.0,Never Cluster
-5.0,6.0,0.2,12,0,0.0,Never Cluster,0,0,0.0,0.0,Never Cluster
-5.0,6.0,0.3,12,0,0.0,Never Cluster,0,0,0.0,0.0,Never Cluster
-5.0,6.0,0.4,12,0,0.0,Never Cluster,0,0,0.0,0.0,Never Cluster
-5.0,6.0,0.5,12,0,0.0,Never Cluster,0,0,0.0,0.0,Never Cluster
-5.0,6.0,0.6,12,0,0.0,Never Cluster,0,0,0.0,0.0,Never Cluster
-5.0,6.0,0.7,12,0,0.0,Never Cluster,0,0,0.0,0.0,Never Cluster
-5.0,6.0,0.8,12,0,0.0,Never Cluster,0,0,0.0,0.0,Never Cluster
-5.0,6.0,0.9,12,0,0.0,Never Cluster,0,0,0.0,0.0,Never Cluster
-5.0,6.0,1.0,12,0,0.0,Never Cluster,0,0,0.0,0.0,Never Cluster
-5.0,9.0,0.0,12,0,0.0,Never Cluster,0,0,0.0,0.0,Never Cluster
-5.0,9.0,0.1,12,0,0.0,Never Cluster,0,0,0.0,0.0,Never Cluster
-5.0,9.0,0.2,12,0,0.0,Never Cluster,0,0,0.0,0.0,Never Cluster
-5.0,9.0,0.3,12,0,0.0,Never Cluster,0,0,0.0,0.0,Never Cluster
-5.0,9.0,0.4,12,0,0.0,Never Cluster,0,0,0.0,0.0,Never Cluster
-5.0,9.0,0.5,12,0,0.0,Never Cluster,0,0,0.0,0.0,Never Cluster
-5.0,9.0,0.6,12,0,0.0,Never Cluster,0,0,0.0,0.0,Never Cluster
-5.0,9.0,0.7,12,0,0.0,Never Cluster,0,0,0.0,0.0,Never Cluster
-5.0,9.0,0.8,12,0,0.0,Never Cluster,0,0,0.0,0.0,Never Cluster
-5.0,9.0,0.9,12,0,0.0,Never Cluster,0,0,0.0,0.0,Never Cluster
-5.0,9.0,1.0,12,0,0.0,Never Cluster,0,0,0.0,0.0,Never Cluster
-5.0,12.0,0.0,12,0,0.0,Never Cluster,0,0,0.0,0.0,Never Cluster
-5.0,12.0,0.1,12,0,0.0,Never Cluster,0,0,0.0,0.0,Never Cluster
-5.0,12.0,0.2,12,0,0.0,Never Cluster,0,0,0.0,0.0,Never Cluster
-5.0,12.0,0.3,12,0,0.0,Never Cluster,0,0,0.0,0.0,Never Cluster
-5.0,12.0,0.4,12,0,0.0,Never Cluster,0,0,0.0,0.0,Never Cluster
-5.0,12.0,0.5,12,0,0.0,Never Cluster,0,0,0.0,0.0,Never Cluster
-5.0,12.0,0.6,12,0,0.0,Never Cluster,0,0,0.0,0.0,Never Cluster
-5.0,12.0,0.7,12,0,0.0,Never Cluster,0,0,0.0,0.0,Never Cluster
-5.0,12.0,0.8,12,0,0.0,Never Cluster,0,0,0.0,0.0,Never Cluster
-5.0,12.0,0.9,12,0,0.0,Never Cluster,0,0,0.0,0.0,Never Cluster
-5.0,12.0,1.0,12,0,0.0,Never Cluster,0,0,0.0,0.0,Never Cluster
-5.0,15.0,0.0,12,0,0.0,Never Cluster,0,0,0.0,0.0,Never Cluster
-5.0,15.0,0.1,12,0,0.0,Never Cluster,0,0,0.0,0.0,Never Cluster
-5.0,15.0,0.2,12,0,0.0,Never Cluster,0,0,0.0,0.0,Never Cluster
-5.0,15.0,0.3,12,0,0.0,Never Cluster,0,0,0.0,0.0,Never Cluster
-5.0,15.0,0.4,12,0,0.0,Never Cluster,0,0,0.0,0.0,Never Cluster
-5.0,15.0,0.5,12,0,0.0,Never Cluster,0,0,0.0,0.0,Never Cluster
-5.0,15.0,0.6,12,0,0.0,Never Cluster,0,0,0.0,0.0,Never Cluster
-5.0,15.0,0.7,12,0,0.0,Never Cluster,0,0,0.0,0.0,Never Cluster
-5.0,15.0,0.8,12,0,0.0,Never Cluster,0,0,0.0,0.0,Never Cluster
-5.0,15.0,0.9,12,0,0.0,Never Cluster,0,0,0.0,0.0,Never Cluster
-5.0,15.0,1.0,12,0,0.0,Never Cluster,0,0,0.0,0.0,Never Cluster
-5.0,18.0,0.0,12,0,0.0,Never Cluster,0,0,0.0,0.0,Never Cluster
-5.0,18.0,0.1,12,0,0.0,Never Cluster,0,0,0.0,0.0,Never Cluster
-5.0,18.0,0.2,12,0,0.0,Never Cluster,0,0,0.0,0.0,Never Cluster
-5.0,18.0,0.3,12,0,0.0,Never Cluster,0,0,0.0,0.0,Never Cluster
-5.0,18.0,0.4,12,0,0.0,Never Cluster,0,0,0.0,0.0,Never Cluster
-5.0,18.0,0.5,12,0,0.0,Never Cluster,0,0,0.0,0.0,Never Cluster
-5.0,18.0,0.6,12,0,0.0,Never Cluster,0,0,0.0,0.0,Never Cluster
-5.0,18.0,0.7,12,0,0.0,Never Cluster,0,0,0.0,0.0,Never Cluster
-5.0,18.0,0.8,12,0,0.0,Never Cluster,0,0,0.0,0.0,Never Cluster
-5.0,18.0,0.9,12,0,0.0,Never Cluster,0,0,0.0,0.0,Never Cluster
-5.0,18.0,1.0,12,0,0.0,Never Cluster,0,0,0.0,0.0,Never Cluster
-5.0,21.0,0.0,12,0,0.0,Never Cluster,0,0,0.0,0.0,Never Cluster
-5.0,21.0,0.1,12,0,0.0,Never Cluster,0,0,0.0,0.0,Never Cluster
-5.0,21.0,0.2,12,0,0.0,Never Cluster,0,0,0.0,0.0,Never Cluster
-5.0,21.0,0.3,12,0,0.0,Never Cluster,0,0,0.0,0.0,Never Cluster
-5.0,21.0,0.4,12,0,0.0,Never Cluster,0,0,0.0,0.0,Never Cluster
-5.0,21.0,0.5,12,0,0.0,Never Cluster,0,0,0.0,0.0,Never Cluster
-5.0,21.0,0.6,12,0,0.0,Never Cluster,0,0,0.0,0.0,Never Cluster
-5.0,21.0,0.7,12,0,0.0,Never Cluster,0,0,0.0,0.0,Never Cluster
-5.0,21.0,0.8,12,0,0.0,Never Cluster,0,0,0.0,0.0,Never Cluster
-5.0,21.0,0.9,12,0,0.0,Never Cluster,0,0,0.0,0.0,Never Cluster
-5.0,21.0,1.0,12,0,0.0,Never Cluster,0,0,0.0,0.0,Never Cluster
-5.0,24.0,0.0,12,0,0.0,Never Cluster,0,0,0.0,0.0,Never Cluster
-5.0,24.0,0.1,12,0,0.0,Never Cluster,0,0,0.0,0.0,Never Cluster
-5.0,24.0,0.2,12,0,0.0,Never Cluster,0,0,0.0,0.0,Never Cluster
-5.0,24.0,0.3,12,0,0.0,Never Cluster,0,0,0.0,0.0,Never Cluster
-5.0,24.0,0.4,12,0,0.0,Never Cluster,0,0,0.0,0.0,Never Cluster
-5.0,24.0,0.5,12,0,0.0,Never Cluster,0,0,0.0,0.0,Never Cluster
-5.0,24.0,0.6,12,0,0.0,Never Cluster,0,0,0.0,0.0,Never Cluster
-5.0,24.0,0.7,12,0,0.0,Never Cluster,0,0,0.0,0.0,Never Cluster
-5.0,24.0,0.8,12,0,0.0,Never Cluster,0,0,0.0,0.0,Never Cluster
-5.0,24.0,0.9,12,0,0.0,Never Cluster,0,0,0.0,0.0,Never Cluster
-5.0,24.0,1.0,12,0,0.0,Never Cluster,0,0,0.0,0.0,Never Cluster
-5.0,27.0,0.0,12,0,0.0,Never Cluster,0,0,0.0,0.0,Never Cluster
-5.0,27.0,0.1,12,0,0.0,Never Cluster,0,0,0.0,0.0,Never Cluster
-5.0,27.0,0.2,12,0,0.0,Never Cluster,0,0,0.0,0.0,Never Cluster
-5.0,27.0,0.3,12,0,0.0,Never Cluster,0,0,0.0,0.0,Never Cluster
-5.0,27.0,0.4,12,0,0.0,Never Cluster,0,0,0.0,0.0,Never Cluster
-5.0,27.0,0.5,12,0,0.0,Never Cluster,0,0,0.0,0.0,Never Cluster
-5.0,27.0,0.6,12,0,0.0,Never Cluster,0,0,0.0,0.0,Never Cluster
-5.0,27.0,0.7,12,2,0.16666666666666666,Rarely Cluster,2,2,2.0,2.0,Sometimes Cluster
-5.0,27.0,0.8,12,0,0.0,Never Cluster,0,0,0.0,0.0,Never Cluster
-5.0,27.0,0.9,12,0,0.0,Never Cluster,0,0,0.0,0.0,Never Cluster
-5.0,27.0,1.0,12,0,0.0,Never Cluster,0,0,0.0,0.0,Never Cluster
-5.0,30.0,0.0,12,2,0.16666666666666666,Rarely Cluster,3,3,3.0,3.0,Sometimes Cluster
-5.0,30.0,0.1,12,1,0.08333333333333333,Rarely Cluster,3,3,3.0,3.0,Sometimes Cluster
-5.0,30.0,0.2,12,1,0.08333333333333333,Rarely Cluster,2,2,2.0,2.0,Sometimes Cluster
-5.0,30.0,0.3,12,3,0.25,Sometimes Cluster,4,2,3.0,3.0,Sometimes Cluster
-5.0,30.0,0.4,12,1,0.08333333333333333,Rarely Cluster,3,3,3.0,3.0,Sometimes Cluster
-5.0,30.0,0.5,12,1,0.08333333333333333,Rarely Cluster,2,2,2.0,2.0,Sometimes Cluster
-5.0,30.0,0.6,12,2,0.16666666666666666,Rarely Cluster,4,3,3.5,3.5,Sometimes Cluster
-5.0,30.0,0.7,12,1,0.08333333333333333,Rarely Cluster,4,3,3.5,3.5,Sometimes Cluster
-5.0,30.0,0.8,12,2,0.16666666666666666,Rarely Cluster,3,2,2.5,2.5,Sometimes Cluster
-5.0,30.0,0.9,12,0,0.0,Never Cluster,0,0,0.0,0.0,Never Cluster
-5.0,30.0,1.0,12,3,0.25,Sometimes Cluster,2,2,2.0,2.0,Sometimes Cluster
-4.0,0.0,0.0,12,0,0.0,Never Cluster,0,0,0.0,0.0,Never Cluster
-4.0,0.0,0.1,12,0,0.0,Never Cluster,0,0,0.0,0.0,Never Cluster
-4.0,0.0,0.2,12,0,0.0,Never Cluster,0,0,0.0,0.0,Never Cluster
-4.0,0.0,0.3,12,0,0.0,Never Cluster,0,0,0.0,0.0,Never Cluster
-4.0,0.0,0.4,12,0,0.0,Never Cluster,0,0,0.0,0.0,Never Cluster
-4.0,0.0,0.5,12,0,0.0,Never Cluster,0,0,0.0,0.0,Never Cluster
-4.0,0.0,0.6,12,0,0.0,Never Cluster,0,0,0.0,0.0,Never Cluster
-4.0,0.0,0.7,12,0,0.0,Never Cluster,0,0,0.0,0.0,Never Cluster
-4.0,0.0,0.8,12,0,0.0,Never Cluster,0,0,0.0,0.0,Never Cluster
-4.0,0.0,0.9,12,0,0.0,Never Cluster,0,0,0.0,0.0,Never Cluster
-4.0,0.0,1.0,12,0,0.0,Never Cluster,0,0,0.0,0.0,Never Cluster
-4.0,3.0,0.0,12,0,0.0,Never Cluster,0,0,0.0,0.0,Never Cluster
-4.0,3.0,0.1,12,0,0.0,Never Cluster,0,0,0.0,0.0,Never Cluster
-4.0,3.0,0.2,12,0,0.0,Never Cluster,0,0,0.0,0.0,Never Cluster
-4.0,3.0,0.3,12,0,0.0,Never Cluster,0,0,0.0,0.0,Never Cluster
-4.0,3.0,0.4,12,0,0.0,Never Cluster,0,0,0.0,0.0,Never Cluster
-4.0,3.0,0.5,12,0,0.0,Never Cluster,0,0,0.0,0.0,Never Cluster
-4.0,3.0,0.6,12,0,0.0,Never Cluster,0,0,0.0,0.0,Never Cluster
-4.0,3.0,0.7,12,0,0.0,Never Cluster,0,0,0.0,0.0,Never Cluster
-4.0,3.0,0.8,12,0,0.0,Never Cluster,0,0,0.0,0.0,Never Cluster
-4.0,3.0,0.9,12,0,0.0,Never Cluster,0,0,0.0,0.0,Never Cluster
-4.0,3.0,1.0,12,0,0.0,Never Cluster,0,0,0.0,0.0,Never Cluster
-4.0,6.0,0.0,12,0,0.0,Never Cluster,0,0,0.0,0.0,Never Cluster
-4.0,6.0,0.1,12,0,0.0,Never Cluster,0,0,0.0,0.0,Never Cluster
-4.0,6.0,0.2,12,0,0.0,Never Cluster,0,0,0.0,0.0,Never Cluster
-4.0,6.0,0.3,12,0,0.0,Never Cluster,0,0,0.0,0.0,Never Cluster
-4.0,6.0,0.4,12,0,0.0,Never Cluster,0,0,0.0,0.0,Never Cluster
-4.0,6.0,0.5,12,0,0.0,Never Cluster,0,0,0.0,0.0,Never Cluster
-4.0,6.0,0.6,12,0,0.0,Never Cluster,0,0,0.0,0.0,Never Cluster
-4.0,6.0,0.7,12,0,0.0,Never Cluster,0,0,0.0,0.0,Never Cluster
-4.0,6.0,0.8,12,0,0.0,Never Cluster,0,0,0.0,0.0,Never Cluster
-4.0,6.0,0.9,12,0,0.0,Never Cluster,0,0,0.0,0.0,Never Cluster
-4.0,6.0,1.0,12,0,0.0,Never Cluster,0,0,0.0,0.0,Never Cluster
-4.0,9.0,0.0,12,0,0.0,Never Cluster,0,0,0.0,0.0,Never Cluster
-4.0,9.0,0.1,12,0,0.0,Never Cluster,0,0,0.0,0.0,Never Cluster
-4.0,9.0,0.2,12,0,0.0,Never Cluster,0,0,0.0,0.0,Never Cluster
-4.0,9.0,0.3,12,0,0.0,Never Cluster,0,0,0.0,0.0,Never Cluster
-4.0,9.0,0.4,12,0,0.0,Never Cluster,0,0,0.0,0.0,Never Cluster
-4.0,9.0,0.5,12,0,0.0,Never Cluster,0,0,0.0,0.0,Never Cluster
-4.0,9.0,0.6,12,0,0.0,Never Cluster,0,0,0.0,0.0,Never Cluster
-4.0,9.0,0.7,12,0,0.0,Never Cluster,0,0,0.0,0.0,Never Cluster
-4.0,9.0,0.8,12,0,0.0,Never Cluster,0,0,0.0,0.0,Never Cluster
-4.0,9.0,0.9,12,0,0.0,Never Cluster,0,0,0.0,0.0,Never Cluster
-4.0,9.0,1.0,12,0,0.0,Never Cluster,0,0,0.0,0.0,Never Cluster
-4.0,12.0,0.0,12,0,0.0,Never Cluster,0,0,0.0,0.0,Never Cluster
-4.0,12.0,0.1,12,0,0.0,Never Cluster,0,0,0.0,0.0,Never Cluster
-4.0,12.0,0.2,12,0,0.0,Never Cluster,0,0,0.0,0.0,Never Cluster
-4.0,12.0,0.3,12,0,0.0,Never Cluster,0,0,0.0,0.0,Never Cluster
-4.0,12.0,0.4,12,0,0.0,Never Cluster,0,0,0.0,0.0,Never Cluster
-4.0,12.0,0.5,12,0,0.0,Never Cluster,0,0,0.0,0.0,Never Cluster
-4.0,12.0,0.6,12,0,0.0,Never Cluster,0,0,0.0,0.0,Never Cluster
-4.0,12.0,0.7,12,0,0.0,Never Cluster,0,0,0.0,0.0,Never Cluster
-4.0,12.0,0.8,12,0,0.0,Never Cluster,0,0,0.0,0.0,Never Cluster
-4.0,12.0,0.9,12,0,0.0,Never Cluster,0,0,0.0,0.0,Never Cluster
-4.0,12.0,1.0,12,0,0.0,Never Cluster,0,0,0.0,0.0,Never Cluster
-4.0,15.0,0.0,12,0,0.0,Never Cluster,0,0,0.0,0.0,Never Cluster
-4.0,15.0,0.1,12,0,0.0,Never Cluster,0,0,0.0,0.0,Never Cluster
-4.0,15.0,0.2,12,0,0.0,Never Cluster,0,0,0.0,0.0,Never Cluster
-4.0,15.0,0.3,12,0,0.0,Never Cluster,0,0,0.0,0.0,Never Cluster
-4.0,15.0,0.4,12,0,0.0,Never Cluster,0,0,0.0,0.0,Never Cluster
-4.0,15.0,0.5,12,0,0.0,Never Cluster,0,0,0.0,0.0,Never Cluster
-4.0,15.0,0.6,12,0,0.0,Never Cluster,0,0,0.0,0.0,Never Cluster
-4.0,15.0,0.7,12,0,0.0,Never Cluster,0,0,0.0,0.0,Never Cluster
-4.0,15.0,0.8,12,0,0.0,Never Cluster,0,0,0.0,0.0,Never Cluster
-4.0,15.0,0.9,12,0,0.0,Never Cluster,0,0,0.0,0.0,Never Cluster
-4.0,15.0,1.0,12,0,0.0,Never Cluster,0,0,0.0,0.0,Never Cluster
-4.0,18.0,0.0,12,0,0.0,Never Cluster,0,0,0.0,0.0,Never Cluster
-4.0,18.0,0.1,12,0,0.0,Never Cluster,0,0,0.0,0.0,Never Cluster
-4.0,18.0,0.2,12,0,0.0,Never Cluster,0,0,0.0,0.0,Never Cluster
-4.0,18.0,0.3,12,0,0.0,Never Cluster,0,0,0.0,0.0,Never Cluster
-4.0,18.0,0.4,12,0,0.0,Never Cluster,0,0,0.0,0.0,Never Cluster
-4.0,18.0,0.5,12,0,0.0,Never Cluster,0,0,0.0,0.0,Never Cluster
-4.0,18.0,0.6,12,0,0.0,Never Cluster,0,0,0.0,0.0,Never Cluster
-4.0,18.0,0.7,12,0,0.0,Never Cluster,0,0,0.0,0.0,Never Cluster
-4.0,18.0,0.8,12,0,0.0,Never Cluster,0,0,0.0,0.0,Never Cluster
-4.0,18.0,0.9,12,0,0.0,Never Cluster,0,0,0.0,0.0,Never Cluster
-4.0,18.0,1.0,12,0,0.0,Never Cluster,0,0,0.0,0.0,Never Cluster
-4.0,21.0,0.0,12,0,0.0,Never Cluster,0,0,0.0,0.0,Never Cluster
-4.0,21.0,0.1,12,0,0.0,Never Cluster,0,0,0.0,0.0,Never Cluster
-4.0,21.0,0.2,12,0,0.0,Never Cluster,0,0,0.0,0.0,Never Cluster
-4.0,21.0,0.3,12,0,0.0,Never Cluster,0,0,0.0,0.0,Never Cluster
-4.0,21.0,0.4,12,0,0.0,Never Cluster,0,0,0.0,0.0,Never Cluster
-4.0,21.0,0.5,12,0,0.0,Never Cluster,0,0,0.0,0.0,Never Cluster
-4.0,21.0,0.6,12,0,0.0,Never Cluster,0,0,0.0,0.0,Never Cluster
-4.0,21.0,0.7,12,0,0.0,Never Cluster,0,0,0.0,0.0,Never Cluster
-4.0,21.0,0.8,12,0,0.0,Never Cluster,0,0,0.0,0.0,Never Cluster
-4.0,21.0,0.9,12,0,0.0,Never Cluster,0,0,0.0,0.0,Never Cluster
-4.0,21.0,1.0,12,0,0.0,Never Cluster,0,0,0.0,0.0,Never Cluster
-4.0,24.0,0.0,12,0,0.0,Never Cluster,0,0,0.0,0.0,Never Cluster
-4.0,24.0,0.1,12,0,0.0,Never Cluster,0,0,0.0,0.0,Never Cluster
-4.0,24.0,0.2,12,0,0.0,Never Cluster,0,0,0.0,0.0,Never Cluster
-4.0,24.0,0.3,12,0,0.0,Never Cluster,0,0,0.0,0.0,Never Cluster
-4.0,24.0,0.4,12,0,0.0,Never Cluster,0,0,0.0,0.0,Never Cluster
-4.0,24.0,0.5,12,1,0.08333333333333333,Rarely Cluster,3,3,3.0,3.0,Sometimes Cluster
-4.0,24.0,0.6,12,0,0.0,Never Cluster,0,0,0.0,0.0,Never Cluster
-4.0,24.0,0.7,12,0,0.0,Never Cluster,0,0,0.0,0.0,Never Cluster
-4.0,24.0,0.8,12,0,0.0,Never Cluster,0,0,0.0,0.0,Never Cluster
-4.0,24.0,0.9,12,0,0.0,Never Cluster,0,0,0.0,0.0,Never Cluster
-4.0,24.0,1.0,12,0,0.0,Never Cluster,0,0,0.0,0.0,Never Cluster
-4.0,27.0,0.0,12,0,0.0,Never Cluster,0,0,0.0,0.0,Never Cluster
-4.0,27.0,0.1,12,1,0.08333333333333333,Rarely Cluster,2,2,2.0,2.0,Sometimes Cluster
-4.0,27.0,0.2,12,1,0.08333333333333333,Rarely Cluster,3,3,3.0,3.0,Sometimes Cluster
-4.0,27.0,0.3,12,2,0.16666666666666666,Rarely Cluster,5,2,3.5,3.5,Sometimes Cluster
-4.0,27.0,0.4,12,2,0.16666666666666666,Rarely Cluster,4,2,3.0,3.0,Sometimes Cluster
-4.0,27.0,0.5,12,2,0.16666666666666666,Rarely Cluster,3,2,2.5,2.5,Sometimes Cluster
-4.0,27.0,0.6,12,2,0.16666666666666666,Rarely Cluster,3,2,2.25,2.25,Sometimes Cluster
-4.0,27.0,0.7,12,3,0.25,Sometimes Cluster,4,2,3.0,3.0,Sometimes Cluster
-4.0,27.0,0.8,12,3,0.25,Sometimes Cluster,3,2,2.3333333333333335,2.0,Sometimes Cluster
-4.0,27.0,0.9,12,4,0.3333333333333333,Sometimes Cluster,2,2,2.0,2.0,Sometimes Cluster
-4.0,27.0,1.0,12,2,0.16666666666666666,Rarely Cluster,3,2,2.5,2.5,Sometimes Cluster
-4.0,30.0,0.0,12,5,0.4166666666666667,Sometimes Cluster,4,2,3.1,3.0,Sometimes Cluster
-4.0,30.0,0.1,12,4,0.3333333333333333,Sometimes Cluster,4,2,3.125,3.25,Sometimes Cluster
-4.0,30.0,0.2,12,5,0.4166666666666667,Sometimes Cluster,4,2,3.1333333333333333,3.0,Sometimes Cluster
-4.0,30.0,0.3,12,6,0.5,Sometimes Cluster,4,2,2.8333333333333335,3.0,Sometimes Cluster
-4.0,30.0,0.4,12,6,0.5,Sometimes Cluster,8,3,3.722222222222222,3.5,Sometimes Cluster
-4.0,30.0,0.5,12,10,0.8333333333333334,Often Cluster,9,2,3.25,3.0,Sometimes Cluster
-4.0,30.0,0.6,12,8,0.6666666666666666,Sometimes Cluster,4,2,3.125,3.0,Sometimes Cluster
-4.0,30.0,0.7,12,7,0.5833333333333334,Sometimes Cluster,5,2,2.9285714285714284,2.5,Sometimes Cluster
-4.0,30.0,0.8,12,10,0.8333333333333334,Often Cluster,4,2,2.25,2.0,Sometimes Cluster
-4.0,30.0,0.9,12,4,0.3333333333333333,Sometimes Cluster,5,2,3.125,2.75,Sometimes Cluster
-4.0,30.0,1.0,12,10,0.8333333333333334,Often Cluster,9,2,2.85,2.0,Sometimes Cluster
-3.0,0.0,0.0,12,0,0.0,Never Cluster,0,0,0.0,0.0,Never Cluster
-3.0,0.0,0.1,12,0,0.0,Never Cluster,0,0,0.0,0.0,Never Cluster
-3.0,0.0,0.2,12,0,0.0,Never Cluster,0,0,0.0,0.0,Never Cluster
-3.0,0.0,0.3,12,0,0.0,Never Cluster,0,0,0.0,0.0,Never Cluster
-3.0,0.0,0.4,12,0,0.0,Never Cluster,0,0,0.0,0.0,Never Cluster
-3.0,0.0,0.5,12,0,0.0,Never Cluster,0,0,0.0,0.0,Never Cluster
-3.0,0.0,0.6,12,0,0.0,Never Cluster,0,0,0.0,0.0,Never Cluster
-3.0,0.0,0.7,12,0,0.0,Never Cluster,0,0,0.0,0.0,Never Cluster
-3.0,0.0,0.8,12,0,0.0,Never Cluster,0,0,0.0,0.0,Never Cluster
-3.0,0.0,0.9,12,0,0.0,Never Cluster,0,0,0.0,0.0,Never Cluster
-3.0,0.0,1.0,12,0,0.0,Never Cluster,0,0,0.0,0.0,Never Cluster
-3.0,3.0,0.0,12,0,0.0,Never Cluster,0,0,0.0,0.0,Never Cluster
-3.0,3.0,0.1,12,0,0.0,Never Cluster,0,0,0.0,0.0,Never Cluster
-3.0,3.0,0.2,12,0,0.0,Never Cluster,0,0,0.0,0.0,Never Cluster
-3.0,3.0,0.3,12,0,0.0,Never Cluster,0,0,0.0,0.0,Never Cluster
-3.0,3.0,0.4,12,0,0.0,Never Cluster,0,0,0.0,0.0,Never Cluster
-3.0,3.0,0.5,12,0,0.0,Never Cluster,0,0,0.0,0.0,Never Cluster
-3.0,3.0,0.6,12,0,0.0,Never Cluster,0,0,0.0,0.0,Never Cluster
-3.0,3.0,0.7,12,0,0.0,Never Cluster,0,0,0.0,0.0,Never Cluster
-3.0,3.0,0.8,12,0,0.0,Never Cluster,0,0,0.0,0.0,Never Cluster
-3.0,3.0,0.9,12,0,0.0,Never Cluster,0,0,0.0,0.0,Never Cluster
-3.0,3.0,1.0,12,0,0.0,Never Cluster,0,0,0.0,0.0,Never Cluster
-3.0,6.0,0.0,12,0,0.0,Never Cluster,0,0,0.0,0.0,Never Cluster
-3.0,6.0,0.1,12,0,0.0,Never Cluster,0,0,0.0,0.0,Never Cluster
-3.0,6.0,0.2,12,0,0.0,Never Cluster,0,0,0.0,0.0,Never Cluster
-3.0,6.0,0.3,12,0,0.0,Never Cluster,0,0,0.0,0.0,Never Cluster
-3.0,6.0,0.4,12,0,0.0,Never Cluster,0,0,0.0,0.0,Never Cluster
-3.0,6.0,0.5,12,0,0.0,Never Cluster,0,0,0.0,0.0,Never Cluster
-3.0,6.0,0.6,12,0,0.0,Never Cluster,0,0,0.0,0.0,Never Cluster
-3.0,6.0,0.7,12,0,0.0,Never Cluster,0,0,0.0,0.0,Never Cluster
-3.0,6.0,0.8,12,0,0.0,Never Cluster,0,0,0.0,0.0,Never Cluster
-3.0,6.0,0.9,12,0,0.0,Never Cluster,0,0,0.0,0.0,Never Cluster
-3.0,6.0,1.0,12,0,0.0,Never Cluster,0,0,0.0,0.0,Never Cluster
-3.0,9.0,0.0,12,0,0.0,Never Cluster,0,0,0.0,0.0,Never Cluster
-3.0,9.0,0.1,12,0,0.0,Never Cluster,0,0,0.0,0.0,Never Cluster
-3.0,9.0,0.2,12,0,0.0,Never Cluster,0,0,0.0,0.0,Never Cluster
-3.0,9.0,0.3,12,0,0.0,Never Cluster,0,0,0.0,0.0,Never Cluster
-3.0,9.0,0.4,12,0,0.0,Never Cluster,0,0,0.0,0.0,Never Cluster
-3.0,9.0,0.5,12,0,0.0,Never Cluster,0,0,0.0,0.0,Never Cluster
-3.0,9.0,0.6,12,0,0.0,Never Cluster,0,0,0.0,0.0,Never Cluster
-3.0,9.0,0.7,12,0,0.0,Never Cluster,0,0,0.0,0.0,Never Cluster
-3.0,9.0,0.8,12,0,0.0,Never Cluster,0,0,0.0,0.0,Never Cluster
-3.0,9.0,0.9,12,0,0.0,Never Cluster,0,0,0.0,0.0,Never Cluster
-3.0,9.0,1.0,12,0,0.0,Never Cluster,0,0,0.0,0.0,Never Cluster
-3.0,12.0,0.0,12,0,0.0,Never Cluster,0,0,0.0,0.0,Never Cluster
-3.0,12.0,0.1,12,0,0.0,Never Cluster,0,0,0.0,0.0,Never Cluster
-3.0,12.0,0.2,12,0,0.0,Never Cluster,0,0,0.0,0.0,Never Cluster
-3.0,12.0,0.3,12,0,0.0,Never Cluster,0,0,0.0,0.0,Never Cluster
-3.0,12.0,0.4,12,0,0.0,Never Cluster,0,0,0.0,0.0,Never Cluster
-3.0,12.0,0.5,12,0,0.0,Never Cluster,0,0,0.0,0.0,Never Cluster
-3.0,12.0,0.6,12,0,0.0,Never Cluster,0,0,0.0,0.0,Never Cluster
-3.0,12.0,0.7,12,0,0.0,Never Cluster,0,0,0.0,0.0,Never Cluster
-3.0,12.0,0.8,12,0,0.0,Never Cluster,0,0,0.0,0.0,Never Cluster
-3.0,12.0,0.9,12,0,0.0,Never Cluster,0,0,0.0,0.0,Never Cluster
-3.0,12.0,1.0,12,0,0.0,Never Cluster,0,0,0.0,0.0,Never Cluster
-3.0,15.0,0.0,12,0,0.0,Never Cluster,0,0,0.0,0.0,Never Cluster
-3.0,15.0,0.1,12,0,0.0,Never Cluster,0,0,0.0,0.0,Never Cluster
-3.0,15.0,0.2,12,0,0.0,Never Cluster,0,0,0.0,0.0,Never Cluster
-3.0,15.0,0.3,12,0,0.0,Never Cluster,0,0,0.0,0.0,Never Cluster
-3.0,15.0,0.4,12,0,0.0,Never Cluster,0,0,0.0,0.0,Never Cluster
-3.0,15.0,0.5,12,0,0.0,Never Cluster,0,0,0.0,0.0,Never Cluster
-3.0,15.0,0.6,12,0,0.0,Never Cluster,0,0,0.0,0.0,Never Cluster
-3.0,15.0,0.7,12,0,0.0,Never Cluster,0,0,0.0,0.0,Never Cluster
-3.0,15.0,0.8,12,0,0.0,Never Cluster,0,0,0.0,0.0,Never Cluster
-3.0,15.0,0.9,12,0,0.0,Never Cluster,0,0,0.0,0.0,Never Cluster
-3.0,15.0,1.0,12,0,0.0,Never Cluster,0,0,0.0,0.0,Never Cluster
-3.0,18.0,0.0,12,0,0.0,Never Cluster,0,0,0.0,0.0,Never Cluster
-3.0,18.0,0.1,12,0,0.0,Never Cluster,0,0,0.0,0.0,Never Cluster
-3.0,18.0,0.2,12,0,0.0,Never Cluster,0,0,0.0,0.0,Never Cluster
-3.0,18.0,0.3,12,0,0.0,Never Cluster,0,0,0.0,0.0,Never Cluster
-3.0,18.0,0.4,12,0,0.0,Never Cluster,0,0,0.0,0.0,Never Cluster
-3.0,18.0,0.5,12,0,0.0,Never Cluster,0,0,0.0,0.0,Never Cluster
-3.0,18.0,0.6,12,0,0.0,Never Cluster,0,0,0.0,0.0,Never Cluster
-3.0,18.0,0.7,12,0,0.0,Never Cluster,0,0,0.0,0.0,Never Cluster
-3.0,18.0,0.8,12,0,0.0,Never Cluster,0,0,0.0,0.0,Never Cluster
-3.0,18.0,0.9,12,0,0.0,Never Cluster,0,0,0.0,0.0,Never Cluster
-3.0,18.0,1.0,12,0,0.0,Never Cluster,0,0,0.0,0.0,Never Cluster
-3.0,21.0,0.0,12,0,0.0,Never Cluster,0,0,0.0,0.0,Never Cluster
-3.0,21.0,0.1,12,0,0.0,Never Cluster,0,0,0.0,0.0,Never Cluster
-3.0,21.0,0.2,12,0,0.0,Never Cluster,0,0,0.0,0.0,Never Cluster
-3.0,21.0,0.3,12,0,0.0,Never Cluster,0,0,0.0,0.0,Never Cluster
-3.0,21.0,0.4,12,0,0.0,Never Cluster,0,0,0.0,0.0,Never Cluster
-3.0,21.0,0.5,12,0,0.0,Never Cluster,0,0,0.0,0.0,Never Cluster
-3.0,21.0,0.6,12,0,0.0,Never Cluster,0,0,0.0,0.0,Never Cluster
-3.0,21.0,0.7,12,0,0.0,Never Cluster,0,0,0.0,0.0,Never Cluster
-3.0,21.0,0.8,12,0,0.0,Never Cluster,0,0,0.0,0.0,Never Cluster
-3.0,21.0,0.9,12,0,0.0,Never Cluster,0,0,0.0,0.0,Never Cluster
-3.0,21.0,1.0,12,0,0.0,Never Cluster,0,0,0.0,0.0,Never Cluster
-3.0,24.0,0.0,12,1,0.08333333333333333,Rarely Cluster,4,4,4.0,4.0,Sometimes Cluster
-3.0,24.0,0.1,12,0,0.0,Never Cluster,0,0,0.0,0.0,Never Cluster
-3.0,24.0,0.2,12,0,0.0,Never Cluster,0,0,0.0,0.0,Never Cluster
-3.0,24.0,0.3,12,0,0.0,Never Cluster,0,0,0.0,0.0,Never Cluster
-3.0,24.0,0.4,12,1,0.08333333333333333,Rarely Cluster,2,2,2.0,2.0,Sometimes Cluster
-3.0,24.0,0.5,12,3,0.25,Sometimes Cluster,4,2,3.0,3.0,Sometimes Cluster
-3.0,24.0,0.6,12,0,0.0,Never Cluster,0,0,0.0,0.0,Never Cluster
-3.0,24.0,0.7,12,0,0.0,Never Cluster,0,0,0.0,0.0,Never Cluster
-3.0,24.0,0.8,12,2,0.16666666666666666,Rarely Cluster,5,3,4.0,4.0,Sometimes Cluster
-3.0,24.0,0.9,12,0,0.0,Never Cluster,0,0,0.0,0.0,Never Cluster
-3.0,24.0,1.0,12,2,0.16666666666666666,Rarely Cluster,3,2,2.5,2.5,Sometimes Cluster
-3.0,27.0,0.0,12,2,0.16666666666666666,Rarely Cluster,3,3,3.0,3.0,Sometimes Cluster
-3.0,27.0,0.1,12,5,0.4166666666666667,Sometimes Cluster,4,2,3.1,3.0,Sometimes Cluster
-3.0,27.0,0.2,12,3,0.25,Sometimes Cluster,4,3,3.3333333333333335,3.0,Sometimes Cluster
-3.0,27.0,0.3,12,4,0.3333333333333333,Sometimes Cluster,9,2,5.416666666666667,5.0,Sometimes Cluster
-3.0,27.0,0.4,12,8,0.6666666666666666,Sometimes Cluster,9,2,4.375,3.5,Sometimes Cluster
-3.0,27.0,0.5,12,0,0.0,Never Cluster,0,0,0.0,0.0,Never Cluster
-3.0,27.0,0.6,12,4,0.3333333333333333,Sometimes Cluster,4,2,2.75,2.5,Sometimes Cluster
-3.0,27.0,0.7,12,7,0.5833333333333334,Sometimes Cluster,11,2,4.857142857142857,4.0,Sometimes Cluster
-3.0,27.0,0.8,12,7,0.5833333333333334,Sometimes Cluster,6,3,4.357142857142857,4.5,Sometimes Cluster
-3.0,27.0,0.9,12,6,0.5,Sometimes Cluster,3,2,2.5833333333333335,2.75,Sometimes Cluster
-3.0,27.0,1.0,12,9,0.75,Often Cluster,4,2,2.574074074074074,3.0,Sometimes Cluster
-3.0,30.0,0.0,12,6,0.5,Sometimes Cluster,9,2,4.583333333333333,4.0,Sometimes Cluster
-3.0,30.0,0.1,12,10,0.8333333333333334,Often Cluster,8,2,3.55,3.0,Sometimes Cluster
-3.0,30.0,0.2,12,9,0.75,Often Cluster,8,2,4.314814814814814,4.5,Sometimes Cluster
-3.0,30.0,0.3,12,10,0.8333333333333334,Often Cluster,7,2,3.8333333333333335,3.75,Sometimes Cluster
-3.0,30.0,0.4,12,9,0.75,Often Cluster,6,2,3.1555555555555554,3.0,Sometimes Cluster
-3.0,30.0,0.5,12,8,0.6666666666666666,Sometimes Cluster,9,2,4.416666666666667,3.25,Sometimes Cluster
-3.0,30.0,0.6,12,9,0.75,Often Cluster,6,2,3.888888888888889,4.0,Sometimes Cluster
-3.0,30.0,0.7,12,11,0.9166666666666666,Often Cluster,10,2,3.7424242424242427,3.0,Sometimes Cluster
-3.0,30.0,0.8,12,10,0.8333333333333334,Often Cluster,8,2,3.9,3.25,Sometimes Cluster
-3.0,30.0,0.9,12,11,0.9166666666666666,Often Cluster,5,2,2.848484848484848,3.0,Sometimes Cluster
-3.0,30.0,1.0,12,12,1.0,Always Cluster,9,2,3.818055555555556,3.0,Always Cluster
-2.0,0.0,0.0,12,0,0.0,Never Cluster,0,0,0.0,0.0,Never Cluster
-2.0,0.0,0.1,12,0,0.0,Never Cluster,0,0,0.0,0.0,Never Cluster
-2.0,0.0,0.2,12,0,0.0,Never Cluster,0,0,0.0,0.0,Never Cluster
-2.0,0.0,0.3,12,0,0.0,Never Cluster,0,0,0.0,0.0,Never Cluster
-2.0,0.0,0.4,12,0,0.0,Never Cluster,0,0,0.0,0.0,Never Cluster
-2.0,0.0,0.5,12,0,0.0,Never Cluster,0,0,0.0,0.0,Never Cluster
-2.0,0.0,0.6,12,0,0.0,Never Cluster,0,0,0.0,0.0,Never Cluster
-2.0,0.0,0.7,12,0,0.0,Never Cluster,0,0,0.0,0.0,Never Cluster
-2.0,0.0,0.8,12,0,0.0,Never Cluster,0,0,0.0,0.0,Never Cluster
-2.0,0.0,0.9,12,0,0.0,Never Cluster,0,0,0.0,0.0,Never Cluster
-2.0,0.0,1.0,12,0,0.0,Never Cluster,0,0,0.0,0.0,Never Cluster
-2.0,3.0,0.0,12,0,0.0,Never Cluster,0,0,0.0,0.0,Never Cluster
-2.0,3.0,0.1,12,0,0.0,Never Cluster,0,0,0.0,0.0,Never Cluster
-2.0,3.0,0.2,12,0,0.0,Never Cluster,0,0,0.0,0.0,Never Cluster
-2.0,3.0,0.3,12,0,0.0,Never Cluster,0,0,0.0,0.0,Never Cluster
-2.0,3.0,0.4,12,0,0.0,Never Cluster,0,0,0.0,0.0,Never Cluster
-2.0,3.0,0.5,12,0,0.0,Never Cluster,0,0,0.0,0.0,Never Cluster
-2.0,3.0,0.6,12,0,0.0,Never Cluster,0,0,0.0,0.0,Never Cluster
-2.0,3.0,0.7,12,0,0.0,Never Cluster,0,0,0.0,0.0,Never Cluster
-2.0,3.0,0.8,12,0,0.0,Never Cluster,0,0,0.0,0.0,Never Cluster
-2.0,3.0,0.9,12,0,0.0,Never Cluster,0,0,0.0,0.0,Never Cluster
-2.0,3.0,1.0,12,0,0.0,Never Cluster,0,0,0.0,0.0,Never Cluster
-2.0,6.0,0.0,12,0,0.0,Never Cluster,0,0,0.0,0.0,Never Cluster
-2.0,6.0,0.1,12,0,0.0,Never Cluster,0,0,0.0,0.0,Never Cluster
-2.0,6.0,0.2,12,0,0.0,Never Cluster,0,0,0.0,0.0,Never Cluster
-2.0,6.0,0.3,12,0,0.0,Never Cluster,0,0,0.0,0.0,Never Cluster
-2.0,6.0,0.4,12,0,0.0,Never Cluster,0,0,0.0,0.0,Never Cluster
-2.0,6.0,0.5,12,0,0.0,Never Cluster,0,0,0.0,0.0,Never Cluster
-2.0,6.0,0.6,12,0,0.0,Never Cluster,0,0,0.0,0.0,Never Cluster
-2.0,6.0,0.7,12,0,0.0,Never Cluster,0,0,0.0,0.0,Never Cluster
-2.0,6.0,0.8,12,0,0.0,Never Cluster,0,0,0.0,0.0,Never Cluster
-2.0,6.0,0.9,12,0,0.0,Never Cluster,0,0,0.0,0.0,Never Cluster
-2.0,6.0,1.0,12,0,0.0,Never Cluster,0,0,0.0,0.0,Never Cluster
-2.0,9.0,0.0,12,0,0.0,Never Cluster,0,0,0.0,0.0,Never Cluster
-2.0,9.0,0.1,12,0,0.0,Never Cluster,0,0,0.0,0.0,Never Cluster
-2.0,9.0,0.2,12,0,0.0,Never Cluster,0,0,0.0,0.0,Never Cluster
-2.0,9.0,0.3,12,0,0.0,Never Cluster,0,0,0.0,0.0,Never Cluster
-2.0,9.0,0.4,12,0,0.0,Never Cluster,0,0,0.0,0.0,Never Cluster
-2.0,9.0,0.5,12,0,0.0,Never Cluster,0,0,0.0,0.0,Never Cluster
-2.0,9.0,0.6,12,0,0.0,Never Cluster,0,0,0.0,0.0,Never Cluster
-2.0,9.0,0.7,12,0,0.0,Never Cluster,0,0,0.0,0.0,Never Cluster
-2.0,9.0,0.8,12,0,0.0,Never Cluster,0,0,0.0,0.0,Never Cluster
-2.0,9.0,0.9,12,0,0.0,Never Cluster,0,0,0.0,0.0,Never Cluster
-2.0,9.0,1.0,12,0,0.0,Never Cluster,0,0,0.0,0.0,Never Cluster
-2.0,12.0,0.0,12,0,0.0,Never Cluster,0,0,0.0,0.0,Never Cluster
-2.0,12.0,0.1,12,0,0.0,Never Cluster,0,0,0.0,0.0,Never Cluster
-2.0,12.0,0.2,12,0,0.0,Never Cluster,0,0,0.0,0.0,Never Cluster
-2.0,12.0,0.3,12,0,0.0,Never Cluster,0,0,0.0,0.0,Never Cluster
-2.0,12.0,0.4,12,0,0.0,Never Cluster,0,0,0.0,0.0,Never Cluster
-2.0,12.0,0.5,12,0,0.0,Never Cluster,0,0,0.0,0.0,Never Cluster
-2.0,12.0,0.6,12,0,0.0,Never Cluster,0,0,0.0,0.0,Never Cluster
-2.0,12.0,0.7,12,0,0.0,Never Cluster,0,0,0.0,0.0,Never Cluster
-2.0,12.0,0.8,12,0,0.0,Never Cluster,0,0,0.0,0.0,Never Cluster
-2.0,12.0,0.9,12,0,0.0,Never Cluster,0,0,0.0,0.0,Never Cluster
-2.0,12.0,1.0,12,0,0.0,Never Cluster,0,0,0.0,0.0,Never Cluster
-2.0,15.0,0.0,12,0,0.0,Never Cluster,0,0,0.0,0.0,Never Cluster
-2.0,15.0,0.1,12,0,0.0,Never Cluster,0,0,0.0,0.0,Never Cluster
-2.0,15.0,0.2,12,0,0.0,Never Cluster,0,0,0.0,0.0,Never Cluster
-2.0,15.0,0.3,12,0,0.0,Never Cluster,0,0,0.0,0.0,Never Cluster
-2.0,15.0,0.4,12,0,0.0,Never Cluster,0,0,0.0,0.0,Never Cluster
-2.0,15.0,0.5,12,0,0.0,Never Cluster,0,0,0.0,0.0,Never Cluster
-2.0,15.0,0.6,12,0,0.0,Never Cluster,0,0,0.0,0.0,Never Cluster
-2.0,15.0,0.7,12,0,0.0,Never Cluster,0,0,0.0,0.0,Never Cluster
-2.0,15.0,0.8,12,0,0.0,Never Cluster,0,0,0.0,0.0,Never Cluster
-2.0,15.0,0.9,12,0,0.0,Never Cluster,0,0,0.0,0.0,Never Cluster
-2.0,15.0,1.0,12,0,0.0,Never Cluster,0,0,0.0,0.0,Never Cluster
-2.0,18.0,0.0,12,0,0.0,Never Cluster,0,0,0.0,0.0,Never Cluster
-2.0,18.0,0.1,12,0,0.0,Never Cluster,0,0,0.0,0.0,Never Cluster
-2.0,18.0,0.2,12,0,0.0,Never Cluster,0,0,0.0,0.0,Never Cluster
-2.0,18.0,0.3,12,0,0.0,Never Cluster,0,0,0.0,0.0,Never Cluster
-2.0,18.0,0.4,12,0,0.0,Never Cluster,0,0,0.0,0.0,Never Cluster
-2.0,18.0,0.5,12,0,0.0,Never Cluster,0,0,0.0,0.0,Never Cluster
-2.0,18.0,0.6,12,0,0.0,Never Cluster,0,0,0.0,0.0,Never Cluster
-2.0,18.0,0.7,12,0,0.0,Never Cluster,0,0,0.0,0.0,Never Cluster
-2.0,18.0,0.8,12,0,0.0,Never Cluster,0,0,0.0,0.0,Never Cluster
-2.0,18.0,0.9,12,0,0.0,Never Cluster,0,0,0.0,0.0,Never Cluster
-2.0,18.0,1.0,12,0,0.0,Never Cluster,0,0,0.0,0.0,Never Cluster
-2.0,21.0,0.0,12,0,0.0,Never Cluster,0,0,0.0,0.0,Never Cluster
-2.0,21.0,0.1,12,0,0.0,Never Cluster,0,0,0.0,0.0,Never Cluster
-2.0,21.0,0.2,12,0,0.0,Never Cluster,0,0,0.0,0.0,Never Cluster
-2.0,21.0,0.3,12,0,0.0,Never Cluster,0,0,0.0,0.0,Never Cluster
-2.0,21.0,0.4,12,0,0.0,Never Cluster,0,0,0.0,0.0,Never Cluster
-2.0,21.0,0.5,12,1,0.08333333333333333,Rarely Cluster,2,2,2.0,2.0,Sometimes Cluster
-2.0,21.0,0.6,12,1,0.08333333333333333,Rarely Cluster,3,3,3.0,3.0,Sometimes Cluster
-2.0,21.0,0.7,12,1,0.08333333333333333,Rarely Cluster,3,3,3.0,3.0,Sometimes Cluster
-2.0,21.0,0.8,12,0,0.0,Never Cluster,0,0,0.0,0.0,Never Cluster
-2.0,21.0,0.9,12,0,0.0,Never Cluster,0,0,0.0,0.0,Never Cluster
-2.0,21.0,1.0,12,0,0.0,Never Cluster,0,0,0.0,0.0,Never Cluster
-2.0,24.0,0.0,12,2,0.16666666666666666,Rarely Cluster,5,4,4.5,4.5,Sometimes Cluster
-2.0,24.0,0.1,12,2,0.16666666666666666,Rarely Cluster,5,3,4.0,4.0,Sometimes Cluster
-2.0,24.0,0.2,12,0,0.0,Never Cluster,0,0,0.0,0.0,Never Cluster
-2.0,24.0,0.3,12,4,0.3333333333333333,Sometimes Cluster,5,3,3.875,4.0,Sometimes Cluster
-2.0,24.0,0.4,12,8,0.6666666666666666,Sometimes Cluster,5,2,3.4375,3.25,Sometimes Cluster
-2.0,24.0,0.5,12,5,0.4166666666666667,Sometimes Cluster,4,3,3.3,3.0,Sometimes Cluster
-2.0,24.0,0.6,12,6,0.5,Sometimes Cluster,5,2,3.1666666666666665,3.0,Sometimes Cluster
-2.0,24.0,0.7,12,1,0.08333333333333333,Rarely Cluster,4,2,3.0,3.0,Sometimes Cluster
-2.0,24.0,0.8,12,2,0.16666666666666666,Rarely Cluster,7,2,5.166666666666667,5.0,Sometimes Cluster
-2.0,24.0,0.9,12,4,0.3333333333333333,Sometimes Cluster,3,2,2.875,3.0,Sometimes Cluster
-2.0,24.0,1.0,12,4,0.3333333333333333,Sometimes Cluster,6,3,3.875,3.75,Sometimes Cluster
-2.0,27.0,0.0,12,6,0.5,Sometimes Cluster,13,4,6.333333333333333,5.5,Sometimes Cluster
-2.0,27.0,0.1,12,6,0.5,Sometimes Cluster,12,2,5.416666666666667,3.5,Sometimes Cluster
-2.0,27.0,0.2,12,6,0.5,Sometimes Cluster,4,2,3.3333333333333335,3.0,Sometimes Cluster
-2.0,27.0,0.3,12,11,0.9166666666666666,Often Cluster,9,2,4.121212121212121,3.0,Sometimes Cluster
-2.0,27.0,0.4,12,8,0.6666666666666666,Sometimes Cluster,10,3,4.5625,4.0,Sometimes Cluster
-2.0,27.0,0.5,12,10,0.8333333333333334,Often Cluster,9,2,3.7333333333333334,3.0,Sometimes Cluster
-2.0,27.0,0.6,12,9,0.75,Often Cluster,7,2,3.7777777777777777,3.0,Sometimes Cluster
-2.0,27.0,0.7,12,9,0.75,Often Cluster,7,2,4.0,3.0,Sometimes Cluster
-2.0,27.0,0.8,12,6,0.5,Sometimes Cluster,6,2,3.3666666666666667,3.25,Sometimes Cluster
-2.0,27.0,0.9,12,8,0.6666666666666666,Sometimes Cluster,10,2,4.020833333333333,3.0,Sometimes Cluster
-2.0,27.0,1.0,12,9,0.75,Often Cluster,7,2,3.546296296296296,3.0,Sometimes Cluster
-2.0,30.0,0.0,12,12,1.0,Always Cluster,11,3,4.765277777777778,4.5,Always Cluster
-2.0,30.0,0.1,12,12,1.0,Always Cluster,8,2,4.743055555555556,4.0,Always Cluster
-2.0,30.0,0.2,12,11,0.9166666666666666,Often Cluster,16,2,4.116666666666666,3.5,Sometimes Cluster
-2.0,30.0,0.3,12,11,0.9166666666666666,Often Cluster,12,2,3.851515151515151,3.0,Sometimes Cluster
-2.0,30.0,0.4,12,11,0.9166666666666666,Often Cluster,11,2,4.557575757575758,4.0,Sometimes Cluster
-2.0,30.0,0.5,12,10,0.8333333333333334,Often Cluster,11,2,4.623333333333333,3.75,Sometimes Cluster
-2.0,30.0,0.6,12,10,0.8333333333333334,Often Cluster,7,2,3.4816666666666665,3.75,Sometimes Cluster
-2.0,30.0,0.7,12,12,1.0,Always Cluster,8,2,4.390277777777778,4.0,Always Cluster
-2.0,30.0,0.8,12,11,0.9166666666666666,Often Cluster,14,2,3.996969696969697,3.5,Sometimes Cluster
-2.0,30.0,0.9,12,11,0.9166666666666666,Often Cluster,24,2,4.983333333333333,3.5,Sometimes Cluster
-2.0,30.0,1.0,12,11,0.9166666666666666,Often Cluster,9,2,4.204545454545454,3.5,Sometimes Cluster
-1.0,0.0,0.0,12,0,0.0,Never Cluster,0,0,0.0,0.0,Never Cluster
-1.0,0.0,0.1,12,0,0.0,Never Cluster,0,0,0.0,0.0,Never Cluster
-1.0,0.0,0.2,12,0,0.0,Never Cluster,0,0,0.0,0.0,Never Cluster
-1.0,0.0,0.3,12,0,0.0,Never Cluster,0,0,0.0,0.0,Never Cluster
-1.0,0.0,0.4,12,0,0.0,Never Cluster,0,0,0.0,0.0,Never Cluster
-1.0,0.0,0.5,12,0,0.0,Never Cluster,0,0,0.0,0.0,Never Cluster
-1.0,0.0,0.6,12,0,0.0,Never Cluster,0,0,0.0,0.0,Never Cluster
-1.0,0.0,0.7,12,0,0.0,Never Cluster,0,0,0.0,0.0,Never Cluster
-1.0,0.0,0.8,12,0,0.0,Never Cluster,0,0,0.0,0.0,Never Cluster
-1.0,0.0,0.9,12,0,0.0,Never Cluster,0,0,0.0,0.0,Never Cluster
-1.0,0.0,1.0,12,0,0.0,Never Cluster,0,0,0.0,0.0,Never Cluster
-1.0,3.0,0.0,12,0,0.0,Never Cluster,0,0,0.0,0.0,Never Cluster
-1.0,3.0,0.1,12,0,0.0,Never Cluster,0,0,0.0,0.0,Never Cluster
-1.0,3.0,0.2,12,0,0.0,Never Cluster,0,0,0.0,0.0,Never Cluster
-1.0,3.0,0.3,12,0,0.0,Never Cluster,0,0,0.0,0.0,Never Cluster
-1.0,3.0,0.4,12,0,0.0,Never Cluster,0,0,0.0,0.0,Never Cluster
-1.0,3.0,0.5,12,0,0.0,Never Cluster,0,0,0.0,0.0,Never Cluster
-1.0,3.0,0.6,12,0,0.0,Never Cluster,0,0,0.0,0.0,Never Cluster
-1.0,3.0,0.7,12,0,0.0,Never Cluster,0,0,0.0,0.0,Never Cluster
-1.0,3.0,0.8,12,0,0.0,Never Cluster,0,0,0.0,0.0,Never Cluster
-1.0,3.0,0.9,12,0,0.0,Never Cluster,0,0,0.0,0.0,Never Cluster
-1.0,3.0,1.0,12,0,0.0,Never Cluster,0,0,0.0,0.0,Never Cluster
-1.0,6.0,0.0,12,0,0.0,Never Cluster,0,0,0.0,0.0,Never Cluster
-1.0,6.0,0.1,12,0,0.0,Never Cluster,0,0,0.0,0.0,Never Cluster
-1.0,6.0,0.2,12,0,0.0,Never Cluster,0,0,0.0,0.0,Never Cluster
-1.0,6.0,0.3,12,0,0.0,Never Cluster,0,0,0.0,0.0,Never Cluster
-1.0,6.0,0.4,12,0,0.0,Never Cluster,0,0,0.0,0.0,Never Cluster
-1.0,6.0,0.5,12,0,0.0,Never Cluster,0,0,0.0,0.0,Never Cluster
-1.0,6.0,0.6,12,0,0.0,Never Cluster,0,0,0.0,0.0,Never Cluster
-1.0,6.0,0.7,12,0,0.0,Never Cluster,0,0,0.0,0.0,Never Cluster
-1.0,6.0,0.8,12,0,0.0,Never Cluster,0,0,0.0,0.0,Never Cluster
-1.0,6.0,0.9,12,0,0.0,Never Cluster,0,0,0.0,0.0,Never Cluster
-1.0,6.0,1.0,12,0,0.0,Never Cluster,0,0,0.0,0.0,Never Cluster
-1.0,9.0,0.0,12,0,0.0,Never Cluster,0,0,0.0,0.0,Never Cluster
-1.0,9.0,0.1,12,0,0.0,Never Cluster,0,0,0.0,0.0,Never Cluster
-1.0,9.0,0.2,12,0,0.0,Never Cluster,0,0,0.0,0.0,Never Cluster
-1.0,9.0,0.3,12,0,0.0,Never Cluster,0,0,0.0,0.0,Never Cluster
-1.0,9.0,0.4,12,0,0.0,Never Cluster,0,0,0.0,0.0,Never Cluster
-1.0,9.0,0.5,12,0,0.0,Never Cluster,0,0,0.0,0.0,Never Cluster
-1.0,9.0,0.6,12,0,0.0,Never Cluster,0,0,0.0,0.0,Never Cluster
-1.0,9.0,0.7,12,0,0.0,Never Cluster,0,0,0.0,0.0,Never Cluster
-1.0,9.0,0.8,12,0,0.0,Never Cluster,0,0,0.0,0.0,Never Cluster
-1.0,9.0,0.9,12,0,0.0,Never Cluster,0,0,0.0,0.0,Never Cluster
-1.0,9.0,1.0,12,0,0.0,Never Cluster,0,0,0.0,0.0,Never Cluster
-1.0,12.0,0.0,12,0,0.0,Never Cluster,0,0,0.0,0.0,Never Cluster
-1.0,12.0,0.1,12,0,0.0,Never Cluster,0,0,0.0,0.0,Never Cluster
-1.0,12.0,0.2,12,0,0.0,Never Cluster,0,0,0.0,0.0,Never Cluster
-1.0,12.0,0.3,12,0,0.0,Never Cluster,0,0,0.0,0.0,Never Cluster
-1.0,12.0,0.4,12,0,0.0,Never Cluster,0,0,0.0,0.0,Never Cluster
-1.0,12.0,0.5,12,0,0.0,Never Cluster,0,0,0.0,0.0,Never Cluster
-1.0,12.0,0.6,12,0,0.0,Never Cluster,0,0,0.0,0.0,Never Cluster
-1.0,12.0,0.7,12,0,0.0,Never Cluster,0,0,0.0,0.0,Never Cluster
-1.0,12.0,0.8,12,0,0.0,Never Cluster,0,0,0.0,0.0,Never Cluster
-1.0,12.0,0.9,12,0,0.0,Never Cluster,0,0,0.0,0.0,Never Cluster
-1.0,12.0,1.0,12,0,0.0,Never Cluster,0,0,0.0,0.0,Never Cluster
-1.0,15.0,0.0,12,0,0.0,Never Cluster,0,0,0.0,0.0,Never Cluster
-1.0,15.0,0.1,12,0,0.0,Never Cluster,0,0,0.0,0.0,Never Cluster
-1.0,15.0,0.2,12,0,0.0,Never Cluster,0,0,0.0,0.0,Never Cluster
-1.0,15.0,0.3,12,0,0.0,Never Cluster,0,0,0.0,0.0,Never Cluster
-1.0,15.0,0.4,12,0,0.0,Never Cluster,0,0,0.0,0.0,Never Cluster
-1.0,15.0,0.5,12,0,0.0,Never Cluster,0,0,0.0,0.0,Never Cluster
-1.0,15.0,0.6,12,0,0.0,Never Cluster,0,0,0.0,0.0,Never Cluster
-1.0,15.0,0.7,12,0,0.0,Never Cluster,0,0,0.0,0.0,Never Cluster
-1.0,15.0,0.8,12,0,0.0,Never Cluster,0,0,0.0,0.0,Never Cluster
-1.0,15.0,0.9,12,0,0.0,Never Cluster,0,0,0.0,0.0,Never Cluster
-1.0,15.0,1.0,12,0,0.0,Never Cluster,0,0,0.0,0.0,Never Cluster
-1.0,18.0,0.0,12,0,0.0,Never Cluster,0,0,0.0,0.0,Never Cluster
-1.0,18.0,0.1,12,0,0.0,Never Cluster,0,0,0.0,0.0,Never Cluster
-1.0,18.0,0.2,12,0,0.0,Never Cluster,0,0,0.0,0.0,Never Cluster
-1.0,18.0,0.3,12,1,0.08333333333333333,Rarely Cluster,5,5,5.0,5.0,Sometimes Cluster
-1.0,18.0,0.4,12,1,0.08333333333333333,Rarely Cluster,3,3,3.0,3.0,Sometimes Cluster
-1.0,18.0,0.5,12,0,0.0,Never Cluster,0,0,0.0,0.0,Never Cluster
-1.0,18.0,0.6,12,0,0.0,Never Cluster,0,0,0.0,0.0,Never Cluster
-1.0,18.0,0.7,12,0,0.0,Never Cluster,0,0,0.0,0.0,Never Cluster
-1.0,18.0,0.8,12,1,0.08333333333333333,Rarely Cluster,3,3,3.0,3.0,Sometimes Cluster
-1.0,18.0,0.9,12,2,0.16666666666666666,Rarely Cluster,3,2,2.5,2.5,Sometimes Cluster
-1.0,18.0,1.0,12,0,0.0,Never Cluster,0,0,0.0,0.0,Never Cluster
-1.0,21.0,0.0,12,2,0.16666666666666666,Rarely Cluster,4,4,4.0,4.0,Sometimes Cluster
-1.0,21.0,0.1,12,2,0.16666666666666666,Rarely Cluster,3,3,3.0,3.0,Sometimes Cluster
-1.0,21.0,0.2,12,3,0.25,Sometimes Cluster,5,4,4.333333333333333,4.0,Sometimes Cluster
-1.0,21.0,0.3,12,3,0.25,Sometimes Cluster,4,3,3.6666666666666665,4.0,Sometimes Cluster
-1.0,21.0,0.4,12,2,0.16666666666666666,Rarely Cluster,4,3,3.5,3.5,Sometimes Cluster
-1.0,21.0,0.5,12,3,0.25,Sometimes Cluster,3,2,2.6666666666666665,3.0,Sometimes Cluster
-1.0,21.0,0.6,12,2,0.16666666666666666,Rarely Cluster,5,3,3.5,3.5,Sometimes Cluster
-1.0,21.0,0.7,12,2,0.16666666666666666,Rarely Cluster,9,3,6.0,6.0,Sometimes Cluster
-1.0,21.0,0.8,12,3,0.25,Sometimes Cluster,3,2,2.6666666666666665,3.0,Sometimes Cluster
-1.0,21.0,0.9,12,1,0.08333333333333333,Rarely Cluster,6,6,6.0,6.0,Sometimes Cluster
-1.0,21.0,1.0,12,2,0.16666666666666666,Rarely Cluster,3,3,3.0,3.0,Sometimes Cluster
-1.0,24.0,0.0,12,9,0.75,Often Cluster,5,3,4.0740740740740735,4.0,Sometimes Cluster
-1.0,24.0,0.1,12,9,0.75,Often Cluster,6,2,3.6296296296296293,4.0,Sometimes Cluster
-1.0,24.0,0.2,12,9,0.75,Often Cluster,12,3,5.055555555555555,5.0,Sometimes Cluster
-1.0,24.0,0.3,12,7,0.5833333333333334,Sometimes Cluster,10,2,4.4523809523809526,4.0,Sometimes Cluster
-1.0,24.0,0.4,12,9,0.75,Often Cluster,10,3,4.777777777777778,4.0,Sometimes Cluster
-1.0,24.0,0.5,12,9,0.75,Often Cluster,10,2,4.342592592592593,4.0,Sometimes Cluster
-1.0,24.0,0.6,12,8,0.6666666666666666,Sometimes Cluster,9,3,4.9375,4.5,Sometimes Cluster
-1.0,24.0,0.7,12,8,0.6666666666666666,Sometimes Cluster,7,2,3.4375,3.0,Sometimes Cluster
-1.0,24.0,0.8,12,9,0.75,Often Cluster,10,3,4.2592592592592595,3.0,Sometimes Cluster
-1.0,24.0,0.9,12,9,0.75,Often Cluster,8,2,3.611111111111111,3.0,Sometimes Cluster
-1.0,24.0,1.0,12,8,0.6666666666666666,Sometimes Cluster,6,2,3.25,3.0,Sometimes Cluster
-1.0,27.0,0.0,12,10,0.8333333333333334,Often Cluster,23,2,6.6416666666666675,4.25,Sometimes Cluster
-1.0,27.0,0.1,12,10,0.8333333333333334,Often Cluster,11,3,4.703333333333334,4.0,Sometimes Cluster
-1.0,27.0,0.2,12,10,0.8333333333333334,Often Cluster,9,2,4.966666666666667,5.25,Sometimes Cluster
-1.0,27.0,0.3,12,11,0.9166666666666666,Often Cluster,12,2,4.363636363636363,4.0,Sometimes Cluster
-1.0,27.0,0.4,12,8,0.6666666666666666,Sometimes Cluster,12,2,4.237500000000001,3.5,Sometimes Cluster
-1.0,27.0,0.5,12,12,1.0,Always Cluster,13,2,5.013888888888888,4.75,Always Cluster
-1.0,27.0,0.6,12,10,0.8333333333333334,Often Cluster,16,2,4.001666666666666,3.25,Sometimes Cluster
-1.0,27.0,0.7,12,11,0.9166666666666666,Often Cluster,9,2,4.990909090909091,4.5,Sometimes Cluster
-1.0,27.0,0.8,12,11,0.9166666666666666,Often Cluster,10,2,4.036363636363636,3.0,Sometimes Cluster
-1.0,27.0,0.9,12,10,0.8333333333333334,Often Cluster,6,2,3.8649999999999998,3.75,Sometimes Cluster
-1.0,27.0,1.0,12,11,0.9166666666666666,Often Cluster,12,2,3.9621212121212124,4.0,Sometimes Cluster
-1.0,30.0,0.0,12,12,1.0,Always Cluster,14,2,5.1722222222222225,4.0,Always Cluster
-1.0,30.0,0.1,12,12,1.0,Always Cluster,17,2,5.042162698412699,4.0,Always Cluster
-1.0,30.0,0.2,12,12,1.0,Always Cluster,10,2,4.798611111111112,4.0,Always Cluster
-1.0,30.0,0.3,12,12,1.0,Always Cluster,15,2,5.03234126984127,4.25,Always Cluster
-1.0,30.0,0.4,12,12,1.0,Always Cluster,14,2,5.008928571428571,3.5,Always Cluster
-1.0,30.0,0.5,12,12,1.0,Always Cluster,22,2,4.793055555555555,3.75,Always Cluster
-1.0,30.0,0.6,12,10,0.8333333333333334,Often Cluster,10,2,4.444166666666666,3.25,Sometimes Cluster
-1.0,30.0,0.7,12,12,1.0,Always Cluster,10,2,4.1988095238095235,4.0,Always Cluster
-1.0,30.0,0.8,12,11,0.9166666666666666,Often Cluster,13,2,4.47965367965368,4.0,Sometimes Cluster
-1.0,30.0,0.9,12,12,1.0,Always Cluster,11,2,3.9736111111111114,3.75,Always Cluster
-1.0,30.0,1.0,12,12,1.0,Always Cluster,14,2,4.079861111111112,3.0,Always Cluster
0.0,0.0,0.0,12,0,0.0,Never Cluster,0,0,0.0,0.0,Never Cluster
0.0,0.0,0.1,12,0,0.0,Never Cluster,0,0,0.0,0.0,Never Cluster
0.0,0.0,0.2,12,0,0.0,Never Cluster,0,0,0.0,0.0,Never Cluster
0.0,0.0,0.3,12,0,0.0,Never Cluster,0,0,0.0,0.0,Never Cluster
0.0,0.0,0.4,12,0,0.0,Never Cluster,0,0,0.0,0.0,Never Cluster
0.0,0.0,0.5,12,0,0.0,Never Cluster,0,0,0.0,0.0,Never Cluster
0.0,0.0,0.6,12,0,0.0,Never Cluster,0,0,0.0,0.0,Never Cluster
0.0,0.0,0.7,12,0,0.0,Never Cluster,0,0,0.0,0.0,Never Cluster
0.0,0.0,0.8,12,0,0.0,Never Cluster,0,0,0.0,0.0,Never Cluster
0.0,0.0,0.9,12,0,0.0,Never Cluster,0,0,0.0,0.0,Never Cluster
0.0,0.0,1.0,12,0,0.0,Never Cluster,0,0,0.0,0.0,Never Cluster
0.0,3.0,0.0,12,0,0.0,Never Cluster,0,0,0.0,0.0,Never Cluster
0.0,3.0,0.1,12,0,0.0,Never Cluster,0,0,0.0,0.0,Never Cluster
0.0,3.0,0.2,12,0,0.0,Never Cluster,0,0,0.0,0.0,Never Cluster
0.0,3.0,0.3,12,0,0.0,Never Cluster,0,0,0.0,0.0,Never Cluster
0.0,3.0,0.4,12,0,0.0,Never Cluster,0,0,0.0,0.0,Never Cluster
0.0,3.0,0.5,12,0,0.0,Never Cluster,0,0,0.0,0.0,Never Cluster
0.0,3.0,0.6,12,0,0.0,Never Cluster,0,0,0.0,0.0,Never Cluster
0.0,3.0,0.7,12,0,0.0,Never Cluster,0,0,0.0,0.0,Never Cluster
0.0,3.0,0.8,12,0,0.0,Never Cluster,0,0,0.0,0.0,Never Cluster
0.0,3.0,0.9,12,0,0.0,Never Cluster,0,0,0.0,0.0,Never Cluster
0.0,3.0,1.0,12,0,0.0,Never Cluster,0,0,0.0,0.0,Never Cluster
0.0,6.0,0.0,12,0,0.0,Never Cluster,0,0,0.0,0.0,Never Cluster
0.0,6.0,0.1,12,0,0.0,Never Cluster,0,0,0.0,0.0,Never Cluster
0.0,6.0,0.2,12,0,0.0,Never Cluster,0,0,0.0,0.0,Never Cluster
0.0,6.0,0.3,12,0,0.0,Never Cluster,0,0,0.0,0.0,Never Cluster
0.0,6.0,0.4,12,0,0.0,Never Cluster,0,0,0.0,0.0,Never Cluster
0.0,6.0,0.5,12,0,0.0,Never Cluster,0,0,0.0,0.0,Never Cluster
0.0,6.0,0.6,12,0,0.0,Never Cluster,0,0,0.0,0.0,Never Cluster
0.0,6.0,0.7,12,0,0.0,Never Cluster,0,0,0.0,0.0,Never Cluster
0.0,6.0,0.8,12,0,0.0,Never Cluster,0,0,0.0,0.0,Never Cluster
0.0,6.0,0.9,12,0,0.0,Never Cluster,0,0,0.0,0.0,Never Cluster
0.0,6.0,1.0,12,0,0.0,Never Cluster,0,0,0.0,0.0,Never Cluster
0.0,9.0,0.0,12,0,0.0,Never Cluster,0,0,0.0,0.0,Never Cluster
0.0,9.0,0.1,12,0,0.0,Never Cluster,0,0,0.0,0.0,Never Cluster
0.0,9.0,0.2,12,0,0.0,Never Cluster,0,0,0.0,0.0,Never Cluster
0.0,9.0,0.3,12,0,0.0,Never Cluster,0,0,0.0,0.0,Never Cluster
0.0,9.0,0.4,12,0,0.0,Never Cluster,0,0,0.0,0.0,Never Cluster
0.0,9.0,0.5,12,0,0.0,Never Cluster,0,0,0.0,0.0,Never Cluster
0.0,9.0,0.6,12,0,0.0,Never Cluster,0,0,0.0,0.0,Never Cluster
0.0,9.0,0.7,12,0,0.0,Never Cluster,0,0,0.0,0.0,Never Cluster
0.0,9.0,0.8,12,0,0.0,Never Cluster,0,0,0.0,0.0,Never Cluster
0.0,9.0,0.9,12,0,0.0,Never Cluster,0,0,0.0,0.0,Never Cluster
0.0,9.0,1.0,12,0,0.0,Never Cluster,0,0,0.0,0.0,Never Cluster
0.0,12.0,0.0,12,0,0.0,Never Cluster,0,0,0.0,0.0,Never Cluster
0.0,12.0,0.1,12,0,0.0,Never Cluster,0,0,0.0,0.0,Never Cluster
0.0,12.0,0.2,12,0,0.0,Never Cluster,0,0,0.0,0.0,Never Cluster
0.0,12.0,0.3,12,0,0.0,Never Cluster,0,0,0.0,0.0,Never Cluster
0.0,12.0,0.4,12,0,0.0,Never Cluster,0,0,0.0,0.0,Never Cluster
0.0,12.0,0.5,12,0,0.0,Never Cluster,0,0,0.0,0.0,Never Cluster
0.0,12.0,0.6,12,0,0.0,Never Cluster,0,0,0.0,0.0,Never Cluster
0.0,12.0,0.7,12,0,0.0,Never Cluster,0,0,0.0,0.0,Never Cluster
0.0,12.0,0.8,12,0,0.0,Never Cluster,0,0,0.0,0.0,Never Cluster
0.0,12.0,0.9,12,0,0.0,Never Cluster,0,0,0.0,0.0,Never Cluster
0.0,12.0,1.0,12,0,0.0,Never Cluster,0,0,0.0,0.0,Never Cluster
0.0,15.0,0.0,12,0,0.0,Never Cluster,0,0,0.0,0.0,Never Cluster
0.0,15.0,0.1,12,0,0.0,Never Cluster,0,0,0.0,0.0,Never Cluster
0.0,15.0,0.2,12,0,0.0,Never Cluster,0,0,0.0,0.0,Never Cluster
0.0,15.0,0.3,12,0,0.0,Never Cluster,0,0,0.0,0.0,Never Cluster
0.0,15.0,0.4,12,0,0.0,Never Cluster,0,0,0.0,0.0,Never Cluster
0.0,15.0,0.5,12,0,0.0,Never Cluster,0,0,0.0,0.0,Never Cluster
0.0,15.0,0.6,12,1,0.08333333333333333,Rarely Cluster,3,3,3.0,3.0,Sometimes Cluster
0.0,15.0,0.7,12,0,0.0,Never Cluster,0,0,0.0,0.0,Never Cluster
0.0,15.0,0.8,12,1,0.08333333333333333,Rarely Cluster,2,2,2.0,2.0,Sometimes Cluster
0.0,15.0,0.9,12,0,0.0,Never Cluster,0,0,0.0,0.0,Never Cluster
0.0,15.0,1.0,12,0,0.0,Never Cluster,0,0,0.0,0.0,Never Cluster
0.0,18.0,0.0,12,0,0.0,Never Cluster,0,0,0.0,0.0,Never Cluster
0.0,18.0,0.1,12,0,0.0,Never Cluster,0,0,0.0,0.0,Never Cluster
0.0,18.0,0.2,12,3,0.25,Sometimes Cluster,4,3,3.6666666666666665,4.0,Sometimes Cluster
0.0,18.0,0.3,12,1,0.08333333333333333,Rarely Cluster,4,4,4.0,4.0,Sometimes Cluster
0.0,18.0,0.4,12,1,0.08333333333333333,Rarely Cluster,3,3,3.0,3.0,Sometimes Cluster
0.0,18.0,0.5,12,2,0.16666666666666666,Rarely Cluster,6,4,5.0,5.0,Sometimes Cluster
0.0,18.0,0.6,12,1,0.08333333333333333,Rarely Cluster,4,4,4.0,4.0,Sometimes Cluster
0.0,18.0,0.7,12,4,0.3333333333333333,Sometimes Cluster,3,2,2.75,3.0,Sometimes Cluster
0.0,18.0,0.8,12,4,0.3333333333333333,Sometimes Cluster,4,2,3.0,3.0,Sometimes Cluster
0.0,18.0,0.9,12,2,0.16666666666666666,Rarely Cluster,5,3,4.0,4.0,Sometimes Cluster
0.0,18.0,1.0,12,4,0.3333333333333333,Sometimes Cluster,5,3,4.0,4.0,Sometimes Cluster
0.0,21.0,0.0,12,6,0.5,Sometimes Cluster,7,3,4.5,4.0,Sometimes Cluster
0.0,21.0,0.1,12,8,0.6666666666666666,Sometimes Cluster,6,3,4.197916666666667,4.0,Sometimes Cluster
0.0,21.0,0.2,12,3,0.25,Sometimes Cluster,8,5,6.333333333333333,6.0,Sometimes Cluster
0.0,21.0,0.3,12,7,0.5833333333333334,Sometimes Cluster,8,2,4.523809523809524,4.0,Sometimes Cluster
0.0,21.0,0.4,12,6,0.5,Sometimes Cluster,10,2,4.472222222222222,4.0,Sometimes Cluster
0.0,21.0,0.5,12,5,0.4166666666666667,Sometimes Cluster,5,2,4.0,4.0,Sometimes Cluster
0.0,21.0,0.6,12,6,0.5,Sometimes Cluster,5,3,4.0,4.0,Sometimes Cluster
0.0,21.0,0.7,12,4,0.3333333333333333,Sometimes Cluster,3,2,2.75,3.0,Sometimes Cluster
0.0,21.0,0.8,12,3,0.25,Sometimes Cluster,6,3,3.8333333333333335,4.0,Sometimes Cluster
0.0,21.0,0.9,12,4,0.3333333333333333,Sometimes Cluster,4,3,3.5,3.5,Sometimes Cluster
0.0,21.0,1.0,12,7,0.5833333333333334,Sometimes Cluster,6,2,3.619047619047619,4.0,Sometimes Cluster
0.0,24.0,0.0,12,11,0.9166666666666666,Often Cluster,7,2,4.3560606060606055,4.0,Sometimes Cluster
0.0,24.0,0.1,12,9,0.75,Often Cluster,12,3,6.144444444444444,5.0,Sometimes Cluster
0.0,24.0,0.2,12,12,1.0,Always Cluster,16,2,4.833333333333333,4.0,Always Cluster
0.0,24.0,0.3,12,12,1.0,Always Cluster,17,2,5.090277777777778,3.5,Always Cluster
0.0,24.0,0.4,12,12,1.0,Always Cluster,15,2,4.465277777777778,3.5,Always Cluster
0.0,24.0,0.5,12,10,0.8333333333333334,Often Cluster,11,3,5.003333333333333,4.0,Sometimes Cluster
0.0,24.0,0.6,12,12,1.0,Always Cluster,15,2,4.798611111111112,4.0,Always Cluster
0.0,24.0,0.7,12,12,1.0,Always Cluster,18,2,5.604166666666667,3.75,Always Cluster
0.0,24.0,0.8,12,10,0.8333333333333334,Often Cluster,9,2,3.6749999999999994,3.5,Sometimes Cluster
0.0,24.0,0.9,12,12,1.0,Always Cluster,9,3,4.7250000000000005,4.5,Always Cluster
0.0,24.0,1.0,12,10,0.8333333333333334,Often Cluster,10,2,4.11,3.5,Sometimes Cluster
0.0,27.0,0.0,12,12,1.0,Always Cluster,12,2,5.877777777777776,5.0,Always Cluster
0.0,27.0,0.1,12,12,1.0,Always Cluster,20,2,5.153968253968254,4.0,Always Cluster
0.0,27.0,0.2,12,11,0.9166666666666666,Often Cluster,18,2,5.532467532467532,4.0,Sometimes Cluster
0.0,27.0,0.3,12,12,1.0,Always Cluster,14,2,4.851488095238095,4.0,Always Cluster
0.0,27.0,0.4,12,12,1.0,Always Cluster,15,2,5.0910714285714285,4.0,Always Cluster
0.0,27.0,0.5,12,12,1.0,Always Cluster,22,2,5.840277777777778,4.25,Always Cluster
0.0,27.0,0.6,12,12,1.0,Always Cluster,19,2,4.517460317460317,4.0,Always Cluster
0.0,27.0,0.7,12,11,0.9166666666666666,Often Cluster,20,2,5.092424242424243,4.0,Sometimes Cluster
0.0,27.0,0.8,12,11,0.9166666666666666,Often Cluster,14,2,4.501515151515151,4.0,Sometimes Cluster
0.0,27.0,0.9,12,12,1.0,Always Cluster,8,2,4.214285714285714,4.0,Always Cluster
0.0,27.0,1.0,12,11,0.9166666666666666,Often Cluster,18,2,4.275757575757576,4.0,Sometimes Cluster
0.0,30.0,0.0,12,12,1.0,Always Cluster,28,2,7.390806878306879,5.0,Always Cluster
0.0,30.0,0.1,12,12,1.0,Always Cluster,19,2,5.74661495911496,4.25,Always Cluster
0.0,30.0,0.2,12,12,1.0,Always Cluster,19,2,5.44593253968254,4.5,Always Cluster
0.0,30.0,0.3,12,12,1.0,Always Cluster,20,2,5.79319684944685,5.0,Always Cluster
0.0,30.0,0.4,12,12,1.0,Always Cluster,22,2,5.2942791005291,4.0,Always Cluster
0.0,30.0,0.5,12,12,1.0,Always Cluster,21,2,5.664021164021164,4.25,Always Cluster
0.0,30.0,0.6,12,12,1.0,Always Cluster,24,2,6.848115079365079,5.25,Always Cluster
0.0,30.0,0.7,12,12,1.0,Always Cluster,39,2,5.228703703703704,4.0,Always Cluster
0.0,30.0,0.8,12,12,1.0,Always Cluster,21,2,5.3382275132275145,4.0,Always Cluster
0.0,30.0,0.9,12,12,1.0,Always Cluster,11,2,4.151455026455026,4.0,Always Cluster
0.0,30.0,1.0,12,12,1.0,Always Cluster,14,2,3.74375,3.0,Always Cluster
1.0,0.0,0.0,12,0,0.0,Never Cluster,0,0,0.0,0.0,Never Cluster
1.0,0.0,0.1,12,0,0.0,Never Cluster,0,0,0.0,0.0,Never Cluster
1.0,0.0,0.2,12,0,0.0,Never Cluster,0,0,0.0,0.0,Never Cluster
1.0,0.0,0.3,12,0,0.0,Never Cluster,0,0,0.0,0.0,Never Cluster
1.0,0.0,0.4,12,0,0.0,Never Cluster,0,0,0.0,0.0,Never Cluster
1.0,0.0,0.5,12,0,0.0,Never Cluster,0,0,0.0,0.0,Never Cluster
1.0,0.0,0.6,12,0,0.0,Never Cluster,0,0,0.0,0.0,Never Cluster
1.0,0.0,0.7,12,0,0.0,Never Cluster,0,0,0.0,0.0,Never Cluster
1.0,0.0,0.8,12,0,0.0,Never Cluster,0,0,0.0,0.0,Never Cluster
1.0,0.0,0.9,12,0,0.0,Never Cluster,0,0,0.0,0.0,Never Cluster
1.0,0.0,1.0,12,0,0.0,Never Cluster,0,0,0.0,0.0,Never Cluster
1.0,3.0,0.0,12,0,0.0,Never Cluster,0,0,0.0,0.0,Never Cluster
1.0,3.0,0.1,12,0,0.0,Never Cluster,0,0,0.0,0.0,Never Cluster
1.0,3.0,0.2,12,0,0.0,Never Cluster,0,0,0.0,0.0,Never Cluster
1.0,3.0,0.3,12,0,0.0,Never Cluster,0,0,0.0,0.0,Never Cluster
1.0,3.0,0.4,12,0,0.0,Never Cluster,0,0,0.0,0.0,Never Cluster
1.0,3.0,0.5,12,0,0.0,Never Cluster,0,0,0.0,0.0,Never Cluster
1.0,3.0,0.6,12,0,0.0,Never Cluster,0,0,0.0,0.0,Never Cluster
1.0,3.0,0.7,12,0,0.0,Never Cluster,0,0,0.0,0.0,Never Cluster
1.0,3.0,0.8,12,0,0.0,Never Cluster,0,0,0.0,0.0,Never Cluster
1.0,3.0,0.9,12,0,0.0,Never Cluster,0,0,0.0,0.0,Never Cluster
1.0,3.0,1.0,12,0,0.0,Never Cluster,0,0,0.0,0.0,Never Cluster
1.0,6.0,0.0,12,0,0.0,Never Cluster,0,0,0.0,0.0,Never Cluster
1.0,6.0,0.1,12,0,0.0,Never Cluster,0,0,0.0,0.0,Never Cluster
1.0,6.0,0.2,12,0,0.0,Never Cluster,0,0,0.0,0.0,Never Cluster
1.0,6.0,0.3,12,0,0.0,Never Cluster,0,0,0.0,0.0,Never Cluster
1.0,6.0,0.4,12,0,0.0,Never Cluster,0,0,0.0,0.0,Never Cluster
1.0,6.0,0.5,12,0,0.0,Never Cluster,0,0,0.0,0.0,Never Cluster
1.0,6.0,0.6,12,0,0.0,Never Cluster,0,0,0.0,0.0,Never Cluster
1.0,6.0,0.7,12,0,0.0,Never Cluster,0,0,0.0,0.0,Never Cluster
1.0,6.0,0.8,12,0,0.0,Never Cluster,0,0,0.0,0.0,Never Cluster
1.0,6.0,0.9,12,0,0.0,Never Cluster,0,0,0.0,0.0,Never Cluster
1.0,6.0,1.0,12,0,0.0,Never Cluster,0,0,0.0,0.0,Never Cluster
1.0,9.0,0.0,12,0,0.0,Never Cluster,0,0,0.0,0.0,Never Cluster
1.0,9.0,0.1,12,0,0.0,Never Cluster,0,0,0.0,0.0,Never Cluster
1.0,9.0,0.2,12,0,0.0,Never Cluster,0,0,0.0,0.0,Never Cluster
1.0,9.0,0.3,12,0,0.0,Never Cluster,0,0,0.0,0.0,Never Cluster
1.0,9.0,0.4,12,0,0.0,Never Cluster,0,0,0.0,0.0,Never Cluster
1.0,9.0,0.5,12,0,0.0,Never Cluster,0,0,0.0,0.0,Never Cluster
1.0,9.0,0.6,12,0,0.0,Never Cluster,0,0,0.0,0.0,Never Cluster
1.0,9.0,0.7,12,0,0.0,Never Cluster,0,0,0.0,0.0,Never Cluster
1.0,9.0,0.8,12,0,0.0,Never Cluster,0,0,0.0,0.0,Never Cluster
1.0,9.0,0.9,12,0,0.0,Never Cluster,0,0,0.0,0.0,Never Cluster
1.0,9.0,1.0,12,0,0.0,Never Cluster,0,0,0.0,0.0,Never Cluster
1.0,12.0,0.0,12,0,0.0,Never Cluster,0,0,0.0,0.0,Never Cluster
1.0,12.0,0.1,12,0,0.0,Never Cluster,0,0,0.0,0.0,Never Cluster
1.0,12.0,0.2,12,0,0.0,Never Cluster,0,0,0.0,0.0,Never Cluster
1.0,12.0,0.3,12,0,0.0,Never Cluster,0,0,0.0,0.0,Never Cluster
1.0,12.0,0.4,12,0,0.0,Never Cluster,0,0,0.0,0.0,Never Cluster
1.0,12.0,0.5,12,0,0.0,Never Cluster,0,0,0.0,0.0,Never Cluster
1.0,12.0,0.6,12,0,0.0,Never Cluster,0,0,0.0,0.0,Never Cluster
1.0,12.0,0.7,12,0,0.0,Never Cluster,0,0,0.0,0.0,Never Cluster
1.0,12.0,0.8,12,0,0.0,Never Cluster,0,0,0.0,0.0,Never Cluster
1.0,12.0,0.9,12,0,0.0,Never Cluster,0,0,0.0,0.0,Never Cluster
1.0,12.0,1.0,12,0,0.0,Never Cluster,0,0,0.0,0.0,Never Cluster
1.0,15.0,0.0,12,1,0.08333333333333333,Rarely Cluster,4,4,4.0,4.0,Sometimes Cluster
1.0,15.0,0.1,12,3,0.25,Sometimes Cluster,4,2,3.3333333333333335,4.0,Sometimes Cluster
1.0,15.0,0.2,12,4,0.3333333333333333,Sometimes Cluster,5,3,3.75,3.5,Sometimes Cluster
1.0,15.0,0.3,12,2,0.16666666666666666,Rarely Cluster,3,3,3.0,3.0,Sometimes Cluster
1.0,15.0,0.4,12,2,0.16666666666666666,Rarely Cluster,3,3,3.0,3.0,Sometimes Cluster
1.0,15.0,0.5,12,1,0.08333333333333333,Rarely Cluster,3,3,3.0,3.0,Sometimes Cluster
1.0,15.0,0.6,12,1,0.08333333333333333,Rarely Cluster,2,2,2.0,2.0,Sometimes Cluster
1.0,15.0,0.7,12,1,0.08333333333333333,Rarely Cluster,3,3,3.0,3.0,Sometimes Cluster
1.0,15.0,0.8,12,1,0.08333333333333333,Rarely Cluster,4,4,4.0,4.0,Sometimes Cluster
1.0,15.0,0.9,12,2,0.16666666666666666,Rarely Cluster,6,4,5.0,5.0,Sometimes Cluster
1.0,15.0,1.0,12,1,0.08333333333333333,Rarely Cluster,3,3,3.0,3.0,Sometimes Cluster
1.0,18.0,0.0,12,8,0.6666666666666666,Sometimes Cluster,11,3,4.4375,4.0,Sometimes Cluster
1.0,18.0,0.1,12,6,0.5,Sometimes Cluster,10,3,5.0,4.0,Sometimes Cluster
1.0,18.0,0.2,12,6,0.5,Sometimes Cluster,7,2,4.583333333333333,4.0,Sometimes Cluster
1.0,18.0,0.3,12,9,0.75,Often Cluster,8,2,4.555555555555555,4.5,Sometimes Cluster
1.0,18.0,0.4,12,5,0.4166666666666667,Sometimes Cluster,5,3,3.9,4.0,Sometimes Cluster
1.0,18.0,0.5,12,7,0.5833333333333334,Sometimes Cluster,8,3,4.642857142857143,4.0,Sometimes Cluster
1.0,18.0,0.6,12,8,0.6666666666666666,Sometimes Cluster,7,2,3.5833333333333335,4.0,Sometimes Cluster
1.0,18.0,0.7,12,7,0.5833333333333334,Sometimes Cluster,6,2,3.4047619047619047,3.0,Sometimes Cluster
1.0,18.0,0.8,12,4,0.3333333333333333,Sometimes Cluster,6,3,4.5,4.25,Sometimes Cluster
1.0,18.0,0.9,12,3,0.25,Sometimes Cluster,6,3,3.8333333333333335,3.0,Sometimes Cluster
1.0,18.0,1.0,12,5,0.4166666666666667,Sometimes Cluster,4,2,3.2,3.0,Sometimes Cluster
1.0,21.0,0.0,12,11,0.9166666666666666,Often Cluster,15,2,5.196969696969696,4.0,Sometimes Cluster
1.0,21.0,0.1,12,11,0.9166666666666666,Often Cluster,18,2,4.984848484848484,4.0,Sometimes Cluster
1.0,21.0,0.2,12,7,0.5833333333333334,Sometimes Cluster,9,2,4.428571428571429,4.5,Sometimes Cluster
1.0,21.0,0.3,12,11,0.9166666666666666,Often Cluster,10,2,4.483333333333333,4.0,Sometimes Cluster
1.0,21.0,0.4,12,10,0.8333333333333334,Often Cluster,11,2,4.475,3.75,Sometimes Cluster
1.0,21.0,0.5,12,8,0.6666666666666666,Sometimes Cluster,10,3,5.291666666666667,5.0,Sometimes Cluster
1.0,21.0,0.6,12,11,0.9166666666666666,Often Cluster,8,2,4.431818181818182,4.0,Sometimes Cluster
1.0,21.0,0.7,12,10,0.8333333333333334,Often Cluster,12,2,4.3,4.0,Sometimes Cluster
1.0,21.0,0.8,12,9,0.75,Often Cluster,11,2,4.342592592592592,4.5,Sometimes Cluster
1.0,21.0,0.9,12,8,0.6666666666666666,Sometimes Cluster,6,3,3.916666666666667,3.5,Sometimes Cluster
1.0,21.0,1.0,12,9,0.75,Often Cluster,7,2,3.907407407407407,4.0,Sometimes Cluster
1.0,24.0,0.0,12,12,1.0,Always Cluster,18,2,5.580753968253968,5.0,Always Cluster
1.0,24.0,0.1,12,12,1.0,Always Cluster,28,2,6.719841269841269,4.75,Always Cluster
1.0,24.0,0.2,12,11,0.9166666666666666,Often Cluster,23,2,5.853968253968254,4.0,Sometimes Cluster
1.0,24.0,0.3,12,12,1.0,Always Cluster,28,2,5.9444444444444455,4.25,Always Cluster
1.0,24.0,0.4,12,12,1.0,Always Cluster,15,2,4.63611111111111,4.0,Always Cluster
1.0,24.0,0.5,12,11,0.9166666666666666,Often Cluster,20,2,5.910389610389609,5.0,Sometimes Cluster
1.0,24.0,0.6,12,12,1.0,Always Cluster,16,2,5.8812500000000005,4.0,Always Cluster
1.0,24.0,0.7,12,10,0.8333333333333334,Often Cluster,18,2,4.133333333333334,4.0,Sometimes Cluster
1.0,24.0,0.8,12,12,1.0,Always Cluster,12,2,4.716468253968254,4.0,Always Cluster
1.0,24.0,0.9,12,12,1.0,Always Cluster,20,2,4.204761904761905,3.5,Always Cluster
1.0,24.0,1.0,12,11,0.9166666666666666,Often Cluster,11,2,4.434848484848485,3.5,Sometimes Cluster
1.0,27.0,0.0,12,12,1.0,Always Cluster,30,2,7.232506613756613,5.75,Always Cluster
1.0,27.0,0.1,12,12,1.0,Always Cluster,23,2,6.276890008140008,5.0,Always Cluster
1.0,27.0,0.2,12,12,1.0,Always Cluster,33,2,6.714511183261183,4.5,Always Cluster
1.0,27.0,0.3,12,12,1.0,Always Cluster,23,2,6.493969456469457,4.75,Always Cluster
1.0,27.0,0.4,12,12,1.0,Always Cluster,25,2,6.204933261183261,4.25,Always Cluster
1.0,27.0,0.5,12,12,1.0,Always Cluster,21,2,5.455200817700818,4.0,Always Cluster
1.0,27.0,0.6,12,12,1.0,Always Cluster,24,2,5.303869047619048,4.0,Always Cluster
1.0,27.0,0.7,12,12,1.0,Always Cluster,18,2,5.347619047619047,4.25,Always Cluster
1.0,27.0,0.8,12,12,1.0,Always Cluster,19,2,5.8091269841269835,5.0,Always Cluster
1.0,27.0,0.9,12,12,1.0,Always Cluster,19,2,4.907473544973546,3.5,Always Cluster
1.0,27.0,1.0,12,12,1.0,Always Cluster,18,2,4.574663299663299,3.75,Always Cluster
1.0,30.0,0.0,12,12,1.0,Always Cluster,24,2,6.442537810629916,4.0,Always Cluster
1.0,30.0,0.1,12,12,1.0,Always Cluster,27,2,6.254187016687017,5.0,Always Cluster
1.0,30.0,0.2,12,12,1.0,Always Cluster,21,2,6.637235449735449,4.75,Always Cluster
1.0,30.0,0.3,12,12,1.0,Always Cluster,24,2,5.926519082769083,4.5,Always Cluster
1.0,30.0,0.4,12,12,1.0,Always Cluster,19,2,5.457082732082732,4.0,Always Cluster
1.0,30.0,0.5,12,12,1.0,Always Cluster,35,2,5.162811725311725,4.0,Always Cluster
1.0,30.0,0.6,12,12,1.0,Always Cluster,20,2,6.441838023088022,5.0,Always Cluster
1.0,30.0,0.7,12,12,1.0,Always Cluster,21,2,5.810226232101233,4.25,Always Cluster
1.0,30.0,0.8,12,12,1.0,Always Cluster,26,2,5.81191378066378,4.5,Always Cluster
1.0,30.0,0.9,12,12,1.0,Always Cluster,22,2,4.896523846523846,4.0,Always Cluster
1.0,30.0,1.0,12,12,1.0,Always Cluster,15,2,4.978715728715728,4.0,Always Cluster
2.0,0.0,0.0,12,0,0.0,Never Cluster,0,0,0.0,0.0,Never Cluster
2.0,0.0,0.1,12,0,0.0,Never Cluster,0,0,0.0,0.0,Never Cluster
2.0,0.0,0.2,12,0,0.0,Never Cluster,0,0,0.0,0.0,Never Cluster
2.0,0.0,0.3,12,0,0.0,Never Cluster,0,0,0.0,0.0,Never Cluster
2.0,0.0,0.4,12,0,0.0,Never Cluster,0,0,0.0,0.0,Never Cluster
2.0,0.0,0.5,12,0,0.0,Never Cluster,0,0,0.0,0.0,Never Cluster
2.0,0.0,0.6,12,0,0.0,Never Cluster,0,0,0.0,0.0,Never Cluster
2.0,0.0,0.7,12,0,0.0,Never Cluster,0,0,0.0,0.0,Never Cluster
2.0,0.0,0.8,12,0,0.0,Never Cluster,0,0,0.0,0.0,Never Cluster
2.0,0.0,0.9,12,0,0.0,Never Cluster,0,0,0.0,0.0,Never Cluster
2.0,0.0,1.0,12,0,0.0,Never Cluster,0,0,0.0,0.0,Never Cluster
2.0,3.0,0.0,12,0,0.0,Never Cluster,0,0,0.0,0.0,Never Cluster
2.0,3.0,0.1,12,0,0.0,Never Cluster,0,0,0.0,0.0,Never Cluster
2.0,3.0,0.2,12,0,0.0,Never Cluster,0,0,0.0,0.0,Never Cluster
2.0,3.0,0.3,12,0,0.0,Never Cluster,0,0,0.0,0.0,Never Cluster
2.0,3.0,0.4,12,0,0.0,Never Cluster,0,0,0.0,0.0,Never Cluster
2.0,3.0,0.5,12,0,0.0,Never Cluster,0,0,0.0,0.0,Never Cluster
2.0,3.0,0.6,12,0,0.0,Never Cluster,0,0,0.0,0.0,Never Cluster
2.0,3.0,0.7,12,0,0.0,Never Cluster,0,0,0.0,0.0,Never Cluster
2.0,3.0,0.8,12,0,0.0,Never Cluster,0,0,0.0,0.0,Never Cluster
2.0,3.0,0.9,12,0,0.0,Never Cluster,0,0,0.0,0.0,Never Cluster
2.0,3.0,1.0,12,0,0.0,Never Cluster,0,0,0.0,0.0,Never Cluster
2.0,6.0,0.0,12,0,0.0,Never Cluster,0,0,0.0,0.0,Never Cluster
2.0,6.0,0.1,12,0,0.0,Never Cluster,0,0,0.0,0.0,Never Cluster
2.0,6.0,0.2,12,0,0.0,Never Cluster,0,0,0.0,0.0,Never Cluster
2.0,6.0,0.3,12,0,0.0,Never Cluster,0,0,0.0,0.0,Never Cluster
2.0,6.0,0.4,12,0,0.0,Never Cluster,0,0,0.0,0.0,Never Cluster
2.0,6.0,0.5,12,0,0.0,Never Cluster,0,0,0.0,0.0,Never Cluster
2.0,6.0,0.6,12,0,0.0,Never Cluster,0,0,0.0,0.0,Never Cluster
2.0,6.0,0.7,12,0,0.0,Never Cluster,0,0,0.0,0.0,Never Cluster
2.0,6.0,0.8,12,0,0.0,Never Cluster,0,0,0.0,0.0,Never Cluster
2.0,6.0,0.9,12,0,0.0,Never Cluster,0,0,0.0,0.0,Never Cluster
2.0,6.0,1.0,12,0,0.0,Never Cluster,0,0,0.0,0.0,Never Cluster
2.0,9.0,0.0,12,0,0.0,Never Cluster,0,0,0.0,0.0,Never Cluster
2.0,9.0,0.1,12,0,0.0,Never Cluster,0,0,0.0,0.0,Never Cluster
2.0,9.0,0.2,12,0,0.0,Never Cluster,0,0,0.0,0.0,Never Cluster
2.0,9.0,0.3,12,0,0.0,Never Cluster,0,0,0.0,0.0,Never Cluster
2.0,9.0,0.4,12,0,0.0,Never Cluster,0,0,0.0,0.0,Never Cluster
2.0,9.0,0.5,12,0,0.0,Never Cluster,0,0,0.0,0.0,Never Cluster
2.0,9.0,0.6,12,0,0.0,Never Cluster,0,0,0.0,0.0,Never Cluster
2.0,9.0,0.7,12,0,0.0,Never Cluster,0,0,0.0,0.0,Never Cluster
2.0,9.0,0.8,12,0,0.0,Never Cluster,0,0,0.0,0.0,Never Cluster
2.0,9.0,0.9,12,0,0.0,Never Cluster,0,0,0.0,0.0,Never Cluster
2.0,9.0,1.0,12,0,0.0,Never Cluster,0,0,0.0,0.0,Never Cluster
2.0,12.0,0.0,12,1,0.08333333333333333,Rarely Cluster,4,4,4.0,4.0,Sometimes Cluster
2.0,12.0,0.1,12,1,0.08333333333333333,Rarely Cluster,5,3,4.0,4.0,Sometimes Cluster
2.0,12.0,0.2,12,0,0.0,Never Cluster,0,0,0.0,0.0,Never Cluster
2.0,12.0,0.3,12,0,0.0,Never Cluster,0,0,0.0,0.0,Never Cluster
2.0,12.0,0.4,12,1,0.08333333333333333,Rarely Cluster,3,3,3.0,3.0,Sometimes Cluster
2.0,12.0,0.5,12,3,0.25,Sometimes Cluster,5,3,4.0,4.0,Sometimes Cluster
2.0,12.0,0.6,12,0,0.0,Never Cluster,0,0,0.0,0.0,Never Cluster
2.0,12.0,0.7,12,0,0.0,Never Cluster,0,0,0.0,0.0,Never Cluster
2.0,12.0,0.8,12,3,0.25,Sometimes Cluster,4,2,3.0,3.0,Sometimes Cluster
2.0,12.0,0.9,12,0,0.0,Never Cluster,0,0,0.0,0.0,Never Cluster
2.0,12.0,1.0,12,0,0.0,Never Cluster,0,0,0.0,0.0,Never Cluster
2.0,15.0,0.0,12,4,0.3333333333333333,Sometimes Cluster,6,4,4.666666666666667,4.5,Sometimes Cluster
2.0,15.0,0.1,12,2,0.16666666666666666,Rarely Cluster,5,4,4.333333333333334,4.5,Sometimes Cluster
2.0,15.0,0.2,12,4,0.3333333333333333,Sometimes Cluster,10,4,5.75,5.0,Sometimes Cluster
2.0,15.0,0.3,12,4,0.3333333333333333,Sometimes Cluster,7,2,3.875,4.0,Sometimes Cluster
2.0,15.0,0.4,12,2,0.16666666666666666,Rarely Cluster,4,4,4.0,4.0,Sometimes Cluster
2.0,15.0,0.5,12,8,0.6666666666666666,Sometimes Cluster,8,3,4.25,4.0,Sometimes Cluster
2.0,15.0,0.6,12,6,0.5,Sometimes Cluster,6,3,4.333333333333333,4.5,Sometimes Cluster
2.0,15.0,0.7,12,3,0.25,Sometimes Cluster,4,2,3.0,3.0,Sometimes Cluster
2.0,15.0,0.8,12,3,0.25,Sometimes Cluster,6,3,4.0,3.0,Sometimes Cluster
2.0,15.0,0.9,12,2,0.16666666666666666,Rarely Cluster,4,3,3.5,3.5,Sometimes Cluster
2.0,15.0,1.0,12,5,0.4166666666666667,Sometimes Cluster,6,3,4.2,4.0,Sometimes Cluster
2.0,18.0,0.0,12,10,0.8333333333333334,Often Cluster,17,2,5.85,4.0,Sometimes Cluster
2.0,18.0,0.1,12,12,1.0,Always Cluster,15,3,4.209722222222222,4.0,Always Cluster
2.0,18.0,0.2,12,11,0.9166666666666666,Often Cluster,15,3,5.212121212121212,4.0,Sometimes Cluster
2.0,18.0,0.3,12,10,0.8333333333333334,Often Cluster,14,2,4.24,3.5,Sometimes Cluster
2.0,18.0,0.4,12,10,0.8333333333333334,Often Cluster,9,2,5.2,4.75,Sometimes Cluster
2.0,18.0,0.5,12,9,0.75,Often Cluster,5,3,3.888888888888889,4.0,Sometimes Cluster
2.0,18.0,0.6,12,8,0.6666666666666666,Sometimes Cluster,4,2,3.375,3.25,Sometimes Cluster
2.0,18.0,0.7,12,9,0.75,Often Cluster,8,2,4.222222222222222,4.0,Sometimes Cluster
2.0,18.0,0.8,12,9,0.75,Often Cluster,9,2,4.157407407407407,4.0,Sometimes Cluster
2.0,18.0,0.9,12,9,0.75,Often Cluster,12,2,5.166666666666667,4.0,Sometimes Cluster
2.0,18.0,1.0,12,9,0.75,Often Cluster,8,2,3.9629629629629637,4.0,Sometimes Cluster
2.0,21.0,0.0,12,11,0.9166666666666666,Often Cluster,12,3,4.9491341991342,4.0,Sometimes Cluster
2.0,21.0,0.1,12,11,0.9166666666666666,Often Cluster,17,2,6.288636363636363,5.0,Sometimes Cluster
2.0,21.0,0.2,12,12,1.0,Always Cluster,16,2,4.991468253968255,4.5,Always Cluster
2.0,21.0,0.3,12,11,0.9166666666666666,Often Cluster,13,2,6.401515151515152,6.0,Sometimes Cluster
2.0,21.0,0.4,12,12,1.0,Always Cluster,12,2,4.792460317460318,4.0,Always Cluster
2.0,21.0,0.5,12,12,1.0,Always Cluster,21,2,5.0625,4.5,Always Cluster
2.0,21.0,0.6,12,12,1.0,Always Cluster,11,2,4.302777777777778,4.0,Always Cluster
2.0,21.0,0.7,12,12,1.0,Always Cluster,12,2,4.807738095238095,4.0,Always Cluster
2.0,21.0,0.8,12,9,0.75,Often Cluster,11,2,4.601851851851852,4.0,Sometimes Cluster
2.0,21.0,0.9,12,12,1.0,Always Cluster,21,2,5.608333333333333,4.0,Always Cluster
2.0,21.0,1.0,12,12,1.0,Always Cluster,25,2,4.597222222222222,4.0,Always Cluster
2.0,24.0,0.0,12,12,1.0,Always Cluster,20,2,6.154004791504792,4.5,Always Cluster
2.0,24.0,0.1,12,12,1.0,Always Cluster,25,2,5.976803751803751,5.0,Always Cluster
2.0,24.0,0.2,12,12,1.0,Always Cluster,14,2,5.308432539682539,4.0,Always Cluster
2.0,24.0,0.3,12,12,1.0,Always Cluster,23,2,5.3652828652828655,4.0,Always Cluster
2.0,24.0,0.4,12,12,1.0,Always Cluster,25,2,6.062037037037038,5.0,Always Cluster
2.0,24.0,0.5,12,12,1.0,Always Cluster,18,2,5.558035714285714,4.0,Always Cluster
2.0,24.0,0.6,12,12,1.0,Always Cluster,16,2,5.4559523809523816,4.25,Always Cluster
2.0,24.0,0.7,12,12,1.0,Always Cluster,17,2,5.0010251322751325,4.0,Always Cluster
2.0,24.0,0.8,12,12,1.0,Always Cluster,28,2,5.3119708994709,4.0,Always Cluster
2.0,24.0,0.9,12,12,1.0,Always Cluster,10,2,4.315277777777778,4.0,Always Cluster
2.0,24.0,1.0,12,12,1.0,Always Cluster,18,2,4.842162698412698,4.0,Always Cluster
2.0,27.0,0.0,12,12,1.0,Always Cluster,21,2,5.386253908128907,4.5,Always Cluster
2.0,27.0,0.1,12,12,1.0,Always Cluster,20,2,5.1438351000851,4.0,Always Cluster
2.0,27.0,0.2,12,12,1.0,Always Cluster,25,2,6.506030543530543,4.5,Always Cluster
2.0,27.0,0.3,12,12,1.0,Always Cluster,15,2,5.2623008935508935,4.0,Always Cluster
2.0,27.0,0.4,12,12,1.0,Always Cluster,24,2,5.056008343508343,4.0,Always Cluster
2.0,27.0,0.5,12,12,1.0,Always Cluster,25,2,5.418262701350936,4.0,Always Cluster
2.0,27.0,0.6,12,12,1.0,Always Cluster,17,2,5.8551961926961935,4.5,Always Cluster
2.0,27.0,0.7,12,12,1.0,Always Cluster,24,2,5.152620663650075,4.0,Always Cluster
2.0,27.0,0.8,12,12,1.0,Always Cluster,15,2,5.665755772005771,5.0,Always Cluster
2.0,27.0,0.9,12,12,1.0,Always Cluster,25,2,5.468716931216931,4.0,Always Cluster
2.0,27.0,1.0,12,12,1.0,Always Cluster,26,2,5.162537925037925,3.75,Always Cluster
2.0,30.0,0.0,12,12,1.0,Always Cluster,15,2,5.66716212028712,4.25,Always Cluster
2.0,30.0,0.1,12,12,1.0,Always Cluster,19,2,5.937723734598735,5.0,Always Cluster
2.0,30.0,0.2,12,12,1.0,Always Cluster,26,2,5.72316460772343,4.0,Always Cluster
2.0,30.0,0.3,12,12,1.0,Always Cluster,23,2,5.5390572390572395,4.5,Always Cluster
2.0,30.0,0.4,12,12,1.0,Always Cluster,23,2,5.563260908481497,4.75,Always Cluster
2.0,30.0,0.5,12,12,1.0,Always Cluster,20,2,5.637518037518038,4.75,Always Cluster
2.0,30.0,0.6,12,12,1.0,Always Cluster,30,2,5.2398165287871175,4.0,Always Cluster
2.0,30.0,0.7,12,12,1.0,Always Cluster,20,2,4.988783132716956,4.0,Always Cluster
2.0,30.0,0.8,12,12,1.0,Always Cluster,21,2,5.247707847707847,4.0,Always Cluster
2.0,30.0,0.9,12,12,1.0,Always Cluster,27,2,4.909214165464165,4.0,Always Cluster
2.0,30.0,1.0,12,12,1.0,Always Cluster,25,2,4.86077417952418,3.5,Always Cluster
3.0,0.0,0.0,12,0,0.0,Never Cluster,0,0,0.0,0.0,Never Cluster
3.0,0.0,0.1,12,0,0.0,Never Cluster,0,0,0.0,0.0,Never Cluster
3.0,0.0,0.2,12,0,0.0,Never Cluster,0,0,0.0,0.0,Never Cluster
3.0,0.0,0.3,12,0,0.0,Never Cluster,0,0,0.0,0.0,Never Cluster
3.0,0.0,0.4,12,0,0.0,Never Cluster,0,0,0.0,0.0,Never Cluster
3.0,0.0,0.5,12,0,0.0,Never Cluster,0,0,0.0,0.0,Never Cluster
3.0,0.0,0.6,12,0,0.0,Never Cluster,0,0,0.0,0.0,Never Cluster
3.0,0.0,0.7,12,0,0.0,Never Cluster,0,0,0.0,0.0,Never Cluster
3.0,0.0,0.8,12,0,0.0,Never Cluster,0,0,0.0,0.0,Never Cluster
3.0,0.0,0.9,12,0,0.0,Never Cluster,0,0,0.0,0.0,Never Cluster
3.0,0.0,1.0,12,0,0.0,Never Cluster,0,0,0.0,0.0,Never Cluster
3.0,3.0,0.0,12,0,0.0,Never Cluster,0,0,0.0,0.0,Never Cluster
3.0,3.0,0.1,12,0,0.0,Never Cluster,0,0,0.0,0.0,Never Cluster
3.0,3.0,0.2,12,0,0.0,Never Cluster,0,0,0.0,0.0,Never Cluster
3.0,3.0,0.3,12,0,0.0,Never Cluster,0,0,0.0,0.0,Never Cluster
3.0,3.0,0.4,12,0,0.0,Never Cluster,0,0,0.0,0.0,Never Cluster
3.0,3.0,0.5,12,0,0.0,Never Cluster,0,0,0.0,0.0,Never Cluster
3.0,3.0,0.6,12,0,0.0,Never Cluster,0,0,0.0,0.0,Never Cluster
3.0,3.0,0.7,12,0,0.0,Never Cluster,0,0,0.0,0.0,Never Cluster
3.0,3.0,0.8,12,0,0.0,Never Cluster,0,0,0.0,0.0,Never Cluster
3.0,3.0,0.9,12,0,0.0,Never Cluster,0,0,0.0,0.0,Never Cluster
3.0,3.0,1.0,12,0,0.0,Never Cluster,0,0,0.0,0.0,Never Cluster
3.0,6.0,0.0,12,0,0.0,Never Cluster,0,0,0.0,0.0,Never Cluster
3.0,6.0,0.1,12,0,0.0,Never Cluster,0,0,0.0,0.0,Never Cluster
3.0,6.0,0.2,12,0,0.0,Never Cluster,0,0,0.0,0.0,Never Cluster
3.0,6.0,0.3,12,0,0.0,Never Cluster,0,0,0.0,0.0,Never Cluster
3.0,6.0,0.4,12,0,0.0,Never Cluster,0,0,0.0,0.0,Never Cluster
3.0,6.0,0.5,12,0,0.0,Never Cluster,0,0,0.0,0.0,Never Cluster
3.0,6.0,0.6,12,0,0.0,Never Cluster,0,0,0.0,0.0,Never Cluster
3.0,6.0,0.7,12,0,0.0,Never Cluster,0,0,0.0,0.0,Never Cluster
3.0,6.0,0.8,12,0,0.0,Never Cluster,0,0,0.0,0.0,Never Cluster
3.0,6.0,0.9,12,0,0.0,Never Cluster,0,0,0.0,0.0,Never Cluster
3.0,6.0,1.0,12,0,0.0,Never Cluster,0,0,0.0,0.0,Never Cluster
3.0,9.0,0.0,12,0,0.0,Never Cluster,0,0,0.0,0.0,Never Cluster
3.0,9.0,0.1,12,0,0.0,Never Cluster,0,0,0.0,0.0,Never Cluster
3.0,9.0,0.2,12,0,0.0,Never Cluster,0,0,0.0,0.0,Never Cluster
3.0,9.0,0.3,12,0,0.0,Never Cluster,0,0,0.0,0.0,Never Cluster
3.0,9.0,0.4,12,1,0.08333333333333333,Rarely Cluster,4,4,4.0,4.0,Sometimes Cluster
3.0,9.0,0.5,12,0,0.0,Never Cluster,0,0,0.0,0.0,Never Cluster
3.0,9.0,0.6,12,1,0.08333333333333333,Rarely Cluster,4,4,4.0,4.0,Sometimes Cluster
3.0,9.0,0.7,12,0,0.0,Never Cluster,0,0,0.0,0.0,Never Cluster
3.0,9.0,0.8,12,1,0.08333333333333333,Rarely Cluster,3,3,3.0,3.0,Sometimes Cluster
3.0,9.0,0.9,12,0,0.0,Never Cluster,0,0,0.0,0.0,Never Cluster
3.0,9.0,1.0,12,1,0.08333333333333333,Rarely Cluster,2,2,2.0,2.0,Sometimes Cluster
3.0,12.0,0.0,12,2,0.16666666666666666,Rarely Cluster,5,4,4.5,4.5,Sometimes Cluster
3.0,12.0,0.1,12,3,0.25,Sometimes Cluster,5,3,4.166666666666667,4.0,Sometimes Cluster
3.0,12.0,0.2,12,1,0.08333333333333333,Rarely Cluster,3,3,3.0,3.0,Sometimes Cluster
3.0,12.0,0.3,12,0,0.0,Never Cluster,0,0,0.0,0.0,Never Cluster
3.0,12.0,0.4,12,0,0.0,Never Cluster,0,0,0.0,0.0,Never Cluster
3.0,12.0,0.5,12,4,0.3333333333333333,Sometimes Cluster,5,3,3.5,3.0,Sometimes Cluster
3.0,12.0,0.6,12,3,0.25,Sometimes Cluster,6,3,4.0,3.0,Sometimes Cluster
3.0,12.0,0.7,12,3,0.25,Sometimes Cluster,4,3,3.3333333333333335,3.0,Sometimes Cluster
3.0,12.0,0.8,12,3,0.25,Sometimes Cluster,4,2,2.6666666666666665,2.0,Sometimes Cluster
3.0,12.0,0.9,12,1,0.08333333333333333,Rarely Cluster,3,3,3.0,3.0,Sometimes Cluster
3.0,12.0,1.0,12,2,0.16666666666666666,Rarely Cluster,4,3,3.5,3.5,Sometimes Cluster
3.0,15.0,0.0,12,7,0.5833333333333334,Sometimes Cluster,13,3,4.642857142857143,4.0,Sometimes Cluster
3.0,15.0,0.1,12,8,0.6666666666666666,Sometimes Cluster,10,3,4.166666666666666,4.0,Sometimes Cluster
3.0,15.0,0.2,12,10,0.8333333333333334,Often Cluster,7,2,4.466666666666667,4.0,Sometimes Cluster
3.0,15.0,0.3,12,7,0.5833333333333334,Sometimes Cluster,6,3,4.285714285714286,5.0,Sometimes Cluster
3.0,15.0,0.4,12,9,0.75,Often Cluster,5,2,3.888888888888889,4.0,Sometimes Cluster
3.0,15.0,0.5,12,7,0.5833333333333334,Sometimes Cluster,6,2,3.4047619047619047,4.0,Sometimes Cluster
3.0,15.0,0.6,12,5,0.4166666666666667,Sometimes Cluster,4,3,3.4,3.0,Sometimes Cluster
3.0,15.0,0.7,12,4,0.3333333333333333,Sometimes Cluster,6,3,4.0,3.5,Sometimes Cluster
3.0,15.0,0.8,12,8,0.6666666666666666,Sometimes Cluster,6,3,3.8333333333333335,3.0,Sometimes Cluster
3.0,15.0,0.9,12,7,0.5833333333333334,Sometimes Cluster,7,2,3.7857142857142856,4.0,Sometimes Cluster
3.0,15.0,1.0,12,11,0.9166666666666666,Often Cluster,6,2,3.909090909090909,4.0,Sometimes Cluster
3.0,18.0,0.0,12,12,1.0,Always Cluster,13,2,5.986111111111112,5.5,Always Cluster
3.0,18.0,0.1,12,11,0.9166666666666666,Often Cluster,16,2,5.422727272727273,4.5,Sometimes Cluster
3.0,18.0,0.2,12,11,0.9166666666666666,Often Cluster,12,2,5.128787878787879,5.0,Sometimes Cluster
3.0,18.0,0.3,12,12,1.0,Always Cluster,10,2,4.611111111111111,4.25,Always Cluster
3.0,18.0,0.4,12,12,1.0,Always Cluster,9,2,4.25,4.0,Always Cluster
3.0,18.0,0.5,12,10,0.8333333333333334,Often Cluster,9,2,4.374761904761905,4.0,Sometimes Cluster
3.0,18.0,0.6,12,12,1.0,Always Cluster,10,2,4.74265873015873,4.0,Always Cluster
3.0,18.0,0.7,12,7,0.5833333333333334,Sometimes Cluster,7,2,4.014285714285714,4.0,Sometimes Cluster
3.0,18.0,0.8,12,10,0.8333333333333334,Often Cluster,8,2,4.2666666666666675,4.25,Sometimes Cluster
3.0,18.0,0.9,12,12,1.0,Always Cluster,12,2,4.166666666666667,3.75,Always Cluster
3.0,18.0,1.0,12,12,1.0,Always Cluster,10,2,3.851388888888889,3.0,Always Cluster
3.0,21.0,0.0,12,12,1.0,Always Cluster,20,2,5.567162698412698,4.75,Always Cluster
3.0,21.0,0.1,12,12,1.0,Always Cluster,14,2,4.6154761904761905,4.0,Always Cluster
3.0,21.0,0.2,12,12,1.0,Always Cluster,17,2,5.385648148148149,4.5,Always Cluster
3.0,21.0,0.3,12,12,1.0,Always Cluster,16,2,5.11607142857143,5.0,Always Cluster
3.0,21.0,0.4,12,12,1.0,Always Cluster,15,2,4.812599206349206,4.75,Always Cluster
3.0,21.0,0.5,12,11,0.9166666666666666,Often Cluster,9,2,3.846969696969697,4.0,Sometimes Cluster
3.0,21.0,0.6,12,12,1.0,Always Cluster,18,2,5.500694444444444,4.0,Always Cluster
3.0,21.0,0.7,12,12,1.0,Always Cluster,16,2,4.528571428571428,3.25,Always Cluster
3.0,21.0,0.8,12,12,1.0,Always Cluster,14,2,4.218055555555556,4.0,Always Cluster
3.0,21.0,0.9,12,12,1.0,Always Cluster,12,2,4.282407407407407,3.5,Always Cluster
3.0,21.0,1.0,12,12,1.0,Always Cluster,11,2,4.641865079365079,4.25,Always Cluster
3.0,24.0,0.0,12,12,1.0,Always Cluster,19,2,5.071230158730159,4.0,Always Cluster
3.0,24.0,0.1,12,12,1.0,Always Cluster,12,2,4.737164224664225,4.0,Always Cluster
3.0,24.0,0.2,12,12,1.0,Always Cluster,16,2,4.572123015873016,4.0,Always Cluster
3.0,24.0,0.3,12,12,1.0,Always Cluster,24,2,4.927350427350428,3.75,Always Cluster
3.0,24.0,0.4,12,12,1.0,Always Cluster,15,2,4.486607142857143,3.5,Always Cluster
3.0,24.0,0.5,12,12,1.0,Always Cluster,12,2,4.292950336700337,3.75,Always Cluster
3.0,24.0,0.6,12,12,1.0,Always Cluster,22,2,4.36061507936508,3.0,Always Cluster
3.0,24.0,0.7,12,12,1.0,Always Cluster,11,2,4.342121998371998,3.0,Always Cluster
3.0,24.0,0.8,12,12,1.0,Always Cluster,12,2,4.187003968253968,4.0,Always Cluster
3.0,24.0,0.9,12,12,1.0,Always Cluster,14,2,4.209722222222222,4.0,Always Cluster
3.0,24.0,1.0,12,12,1.0,Always Cluster,23,2,4.91656746031746,3.75,Always Cluster
3.0,27.0,0.0,12,12,1.0,Always Cluster,17,2,4.3961389305139305,4.0,Always Cluster
3.0,27.0,0.1,12,12,1.0,Always Cluster,13,2,4.3063351000851,3.5,Always Cluster
3.0,27.0,0.2,12,12,1.0,Always Cluster,14,2,4.436499842749843,4.0,Always Cluster
3.0,27.0,0.3,12,12,1.0,Always Cluster,18,2,4.556623469123469,4.0,Always Cluster
3.0,27.0,0.4,12,12,1.0,Always Cluster,14,2,4.193956043956043,3.25,Always Cluster
3.0,27.0,0.5,12,12,1.0,Always Cluster,17,2,4.488629888629888,4.0,Always Cluster
3.0,27.0,0.6,12,12,1.0,Always Cluster,12,2,4.14537037037037,3.5,Always Cluster
3.0,27.0,0.7,12,12,1.0,Always Cluster,16,2,4.427176892308471,4.0,Always Cluster
3.0,27.0,0.8,12,12,1.0,Always Cluster,20,2,4.282320226070225,3.25,Always Cluster
3.0,27.0,0.9,12,12,1.0,Always Cluster,21,2,4.768945406445407,4.0,Always Cluster
3.0,27.0,1.0,12,12,1.0,Always Cluster,18,2,4.3605056980056975,3.0,Always Cluster
3.0,30.0,0.0,12,12,1.0,Always Cluster,18,2,4.3915445665445665,3.75,Always Cluster
3.0,30.0,0.1,12,12,1.0,Always Cluster,23,2,4.396560846560846,3.5,Always Cluster
3.0,30.0,0.2,12,12,1.0,Always Cluster,18,2,4.584886178636178,4.0,Always Cluster
3.0,30.0,0.3,12,12,1.0,Always Cluster,15,2,3.8318542568542564,3.0,Always Cluster
3.0,30.0,0.4,12,12,1.0,Always Cluster,27,2,3.995424945424945,3.0,Always Cluster
3.0,30.0,0.5,12,12,1.0,Always Cluster,14,2,4.461087061087061,4.0,Always Cluster
3.0,30.0,0.6,12,12,1.0,Always Cluster,16,2,4.15893759018759,3.0,Always Cluster
3.0,30.0,0.7,12,12,1.0,Always Cluster,18,2,4.094780219780219,3.0,Always Cluster
3.0,30.0,0.8,12,12,1.0,Always Cluster,11,2,3.756760641319465,3.0,Always Cluster
3.0,30.0,0.9,12,12,1.0,Always Cluster,23,2,4.160644910644911,3.0,Always Cluster
3.0,30.0,1.0,12,12,1.0,Always Cluster,12,2,4.0569774996245584,3.75,Always Cluster
4.0,0.0,0.0,12,0,0.0,Never Cluster,0,0,0.0,0.0,Never Cluster
4.0,0.0,0.1,12,0,0.0,Never Cluster,0,0,0.0,0.0,Never Cluster
4.0,0.0,0.2,12,0,0.0,Never Cluster,0,0,0.0,0.0,Never Cluster
4.0,0.0,0.3,12,0,0.0,Never Cluster,0,0,0.0,0.0,Never Cluster
4.0,0.0,0.4,12,0,0.0,Never Cluster,0,0,0.0,0.0,Never Cluster
4.0,0.0,0.5,12,0,0.0,Never Cluster,0,0,0.0,0.0,Never Cluster
4.0,0.0,0.6,12,0,0.0,Never Cluster,0,0,0.0,0.0,Never Cluster
4.0,0.0,0.7,12,0,0.0,Never Cluster,0,0,0.0,0.0,Never Cluster
4.0,0.0,0.8,12,0,0.0,Never Cluster,0,0,0.0,0.0,Never Cluster
4.0,0.0,0.9,12,0,0.0,Never Cluster,0,0,0.0,0.0,Never Cluster
4.0,0.0,1.0,12,0,0.0,Never Cluster,0,0,0.0,0.0,Never Cluster
4.0,3.0,0.0,12,0,0.0,Never Cluster,0,0,0.0,0.0,Never Cluster
4.0,3.0,0.1,12,0,0.0,Never Cluster,0,0,0.0,0.0,Never Cluster
4.0,3.0,0.2,12,0,0.0,Never Cluster,0,0,0.0,0.0,Never Cluster
4.0,3.0,0.3,12,0,0.0,Never Cluster,0,0,0.0,0.0,Never Cluster
4.0,3.0,0.4,12,0,0.0,Never Cluster,0,0,0.0,0.0,Never Cluster
4.0,3.0,0.5,12,0,0.0,Never Cluster,0,0,0.0,0.0,Never Cluster
4.0,3.0,0.6,12,0,0.0,Never Cluster,0,0,0.0,0.0,Never Cluster
4.0,3.0,0.7,12,0,0.0,Never Cluster,0,0,0.0,0.0,Never Cluster
4.0,3.0,0.8,12,0,0.0,Never Cluster,0,0,0.0,0.0,Never Cluster
4.0,3.0,0.9,12,0,0.0,Never Cluster,0,0,0.0,0.0,Never Cluster
4.0,3.0,1.0,12,0,0.0,Never Cluster,0,0,0.0,0.0,Never Cluster
4.0,6.0,0.0,12,0,0.0,Never Cluster,0,0,0.0,0.0,Never Cluster
4.0,6.0,0.1,12,0,0.0,Never Cluster,0,0,0.0,0.0,Never Cluster
4.0,6.0,0.2,12,0,0.0,Never Cluster,0,0,0.0,0.0,Never Cluster
4.0,6.0,0.3,12,0,0.0,Never Cluster,0,0,0.0,0.0,Never Cluster
4.0,6.0,0.4,12,0,0.0,Never Cluster,0,0,0.0,0.0,Never Cluster
4.0,6.0,0.5,12,0,0.0,Never Cluster,0,0,0.0,0.0,Never Cluster
4.0,6.0,0.6,12,0,0.0,Never Cluster,0,0,0.0,0.0,Never Cluster
4.0,6.0,0.7,12,0,0.0,Never Cluster,0,0,0.0,0.0,Never Cluster
4.0,6.0,0.8,12,0,0.0,Never Cluster,0,0,0.0,0.0,Never Cluster
4.0,6.0,0.9,12,0,0.0,Never Cluster,0,0,0.0,0.0,Never Cluster
4.0,6.0,1.0,12,0,0.0,Never Cluster,0,0,0.0,0.0,Never Cluster
4.0,9.0,0.0,12,0,0.0,Never Cluster,0,0,0.0,0.0,Never Cluster
4.0,9.0,0.1,12,0,0.0,Never Cluster,0,0,0.0,0.0,Never Cluster
4.0,9.0,0.2,12,0,0.0,Never Cluster,0,0,0.0,0.0,Never Cluster
4.0,9.0,0.3,12,0,0.0,Never Cluster,0,0,0.0,0.0,Never Cluster
4.0,9.0,0.4,12,0,0.0,Never Cluster,0,0,0.0,0.0,Never Cluster
4.0,9.0,0.5,12,0,0.0,Never Cluster,0,0,0.0,0.0,Never Cluster
4.0,9.0,0.6,12,0,0.0,Never Cluster,0,0,0.0,0.0,Never Cluster
4.0,9.0,0.7,12,0,0.0,Never Cluster,0,0,0.0,0.0,Never Cluster
4.0,9.0,0.8,12,1,0.08333333333333333,Rarely Cluster,3,3,3.0,3.0,Sometimes Cluster
4.0,9.0,0.9,12,0,0.0,Never Cluster,0,0,0.0,0.0,Never Cluster
4.0,9.0,1.0,12,0,0.0,Never Cluster,0,0,0.0,0.0,Never Cluster
4.0,12.0,0.0,12,1,0.08333333333333333,Rarely Cluster,4,4,4.0,4.0,Sometimes Cluster
4.0,12.0,0.1,12,1,0.08333333333333333,Rarely Cluster,6,6,6.0,6.0,Sometimes Cluster
4.0,12.0,0.2,12,2,0.16666666666666666,Rarely Cluster,3,3,3.0,3.0,Sometimes Cluster
4.0,12.0,0.3,12,1,0.08333333333333333,Rarely Cluster,4,4,4.0,4.0,Sometimes Cluster
4.0,12.0,0.4,12,2,0.16666666666666666,Rarely Cluster,6,4,5.0,5.0,Sometimes Cluster
4.0,12.0,0.5,12,2,0.16666666666666666,Rarely Cluster,2,2,2.0,2.0,Sometimes Cluster
4.0,12.0,0.6,12,0,0.0,Never Cluster,0,0,0.0,0.0,Never Cluster
4.0,12.0,0.7,12,1,0.08333333333333333,Rarely Cluster,2,2,2.0,2.0,Sometimes Cluster
4.0,12.0,0.8,12,1,0.08333333333333333,Rarely Cluster,4,4,4.0,4.0,Sometimes Cluster
4.0,12.0,0.9,12,2,0.16666666666666666,Rarely Cluster,5,3,4.0,4.0,Sometimes Cluster
4.0,12.0,1.0,12,1,0.08333333333333333,Rarely Cluster,2,2,2.0,2.0,Sometimes Cluster
4.0,15.0,0.0,12,3,0.25,Sometimes Cluster,7,4,5.0,4.0,Sometimes Cluster
4.0,15.0,0.1,12,6,0.5,Sometimes Cluster,5,3,4.0,4.0,Sometimes Cluster
4.0,15.0,0.2,12,7,0.5833333333333334,Sometimes Cluster,12,3,4.857142857142857,4.0,Sometimes Cluster
4.0,15.0,0.3,12,8,0.6666666666666666,Sometimes Cluster,9,2,4.5,4.0,Sometimes Cluster
4.0,15.0,0.4,12,3,0.25,Sometimes Cluster,3,2,2.6666666666666665,3.0,Sometimes Cluster
4.0,15.0,0.5,12,6,0.5,Sometimes Cluster,8,2,3.6666666666666665,3.75,Sometimes Cluster
4.0,15.0,0.6,12,2,0.16666666666666666,Rarely Cluster,4,3,3.5,3.5,Sometimes Cluster
4.0,15.0,0.7,12,7,0.5833333333333334,Sometimes Cluster,6,3,4.0,4.0,Sometimes Cluster
4.0,15.0,0.8,12,5,0.4166666666666667,Sometimes Cluster,5,2,2.8,2.0,Sometimes Cluster
4.0,15.0,0.9,12,6,0.5,Sometimes Cluster,5,2,3.4166666666666665,3.0,Sometimes Cluster
4.0,15.0,1.0,12,5,0.4166666666666667,Sometimes Cluster,4,2,2.4,2.0,Sometimes Cluster
4.0,18.0,0.0,12,9,0.75,Often Cluster,8,2,3.5555555555555554,3.0,Sometimes Cluster
4.0,18.0,0.1,12,11,0.9166666666666666,Often Cluster,10,2,3.9424242424242424,4.0,Sometimes Cluster
4.0,18.0,0.2,12,11,0.9166666666666666,Often Cluster,7,2,3.8787878787878785,4.0,Sometimes Cluster
4.0,18.0,0.3,12,9,0.75,Often Cluster,7,2,3.9166666666666665,4.0,Sometimes Cluster
4.0,18.0,0.4,12,12,1.0,Always Cluster,7,2,3.6638888888888883,3.75,Always Cluster
4.0,18.0,0.5,12,12,1.0,Always Cluster,10,2,3.555555555555556,3.5,Always Cluster
4.0,18.0,0.6,12,9,0.75,Often Cluster,10,2,3.651851851851852,3.0,Sometimes Cluster
4.0,18.0,0.7,12,12,1.0,Always Cluster,9,2,3.680555555555556,3.0,Always Cluster
4.0,18.0,0.8,12,11,0.9166666666666666,Often Cluster,9,2,3.709090909090909,4.0,Sometimes Cluster
4.0,18.0,0.9,12,11,0.9166666666666666,Often Cluster,11,2,4.015151515151516,3.5,Sometimes Cluster
4.0,18.0,1.0,12,10,0.8333333333333334,Often Cluster,14,2,4.283333333333333,3.0,Sometimes Cluster
4.0,21.0,0.0,12,12,1.0,Always Cluster,11,2,3.9458333333333333,4.0,Always Cluster
4.0,21.0,0.1,12,12,1.0,Always Cluster,6,2,3.2787698412698414,3.0,Always Cluster
4.0,21.0,0.2,12,12,1.0,Always Cluster,8,2,3.896031746031746,3.0,Always Cluster
4.0,21.0,0.3,12,12,1.0,Always Cluster,12,2,4.061574074074074,4.0,Always Cluster
4.0,21.0,0.4,12,12,1.0,Always Cluster,14,2,4.079166666666667,4.0,Always Cluster
4.0,21.0,0.5,12,12,1.0,Always Cluster,9,2,3.486111111111111,3.0,Always Cluster
4.0,21.0,0.6,12,11,0.9166666666666666,Often Cluster,7,2,3.444083694083694,3.0,Sometimes Cluster
4.0,21.0,0.7,12,11,0.9166666666666666,Often Cluster,12,2,3.85,3.0,Sometimes Cluster
4.0,21.0,0.8,12,12,1.0,Always Cluster,8,2,3.7986111111111107,3.5,Always Cluster
4.0,21.0,0.9,12,12,1.0,Always Cluster,13,2,4.4375,3.5,Always Cluster
4.0,21.0,1.0,12,12,1.0,Always Cluster,8,2,3.3708333333333336,3.0,Always Cluster
4.0,24.0,0.0,12,12,1.0,Always Cluster,8,2,3.3166666666666664,3.0,Always Cluster
4.0,24.0,0.1,12,12,1.0,Always Cluster,12,2,3.5488095238095236,3.0,Always Cluster
4.0,24.0,0.2,12,12,1.0,Always Cluster,9,2,3.741666666666667,3.0,Always Cluster
4.0,24.0,0.3,12,12,1.0,Always Cluster,7,2,3.3305555555555553,3.25,Always Cluster
4.0,24.0,0.4,12,12,1.0,Always Cluster,11,2,3.5218253968253967,3.0,Always Cluster
4.0,24.0,0.5,12,12,1.0,Always Cluster,8,2,3.3978174603174605,3.0,Always Cluster
4.0,24.0,0.6,12,12,1.0,Always Cluster,7,2,3.328174603174604,3.0,Always Cluster
4.0,24.0,0.7,12,12,1.0,Always Cluster,12,2,3.5176587301587303,3.0,Always Cluster
4.0,24.0,0.8,12,12,1.0,Always Cluster,8,2,3.43895202020202,3.25,Always Cluster
4.0,24.0,0.9,12,12,1.0,Always Cluster,11,2,3.7271825396825395,3.5,Always Cluster
4.0,24.0,1.0,12,12,1.0,Always Cluster,11,2,3.417162698412698,3.0,Always Cluster
4.0,27.0,0.0,12,12,1.0,Always Cluster,6,2,3.1333333333333333,3.0,Always Cluster
4.0,27.0,0.1,12,12,1.0,Always Cluster,8,2,3.2916666666666665,3.0,Always Cluster
4.0,27.0,0.2,12,12,1.0,Always Cluster,7,2,3.184424603174603,3.0,Always Cluster
4.0,27.0,0.3,12,12,1.0,Always Cluster,9,2,3.3138888888888887,3.0,Always Cluster
4.0,27.0,0.4,12,12,1.0,Always Cluster,9,2,3.4123015873015876,3.0,Always Cluster
4.0,27.0,0.5,12,12,1.0,Always Cluster,10,2,3.4528769841269846,3.0,Always Cluster
4.0,27.0,0.6,12,12,1.0,Always Cluster,7,2,3.1088293650793646,2.75,Always Cluster
4.0,27.0,0.7,12,12,1.0,Always Cluster,10,2,2.939375901875902,2.25,Always Cluster
4.0,27.0,0.8,12,12,1.0,Always Cluster,14,2,3.647619047619047,3.0,Always Cluster
4.0,27.0,0.9,12,12,1.0,Always Cluster,12,2,3.3576388888888893,2.5,Always Cluster
4.0,27.0,1.0,12,12,1.0,Always Cluster,11,2,3.6371045621045615,3.0,Always Cluster
4.0,30.0,0.0,12,12,1.0,Always Cluster,7,2,3.1922619047619047,3.0,Always Cluster
4.0,30.0,0.1,12,12,1.0,Always Cluster,10,2,3.1592261904761902,3.25,Always Cluster
4.0,30.0,0.2,12,12,1.0,Always Cluster,6,2,2.8210317460317462,2.75,Always Cluster
4.0,30.0,0.3,12,12,1.0,Always Cluster,8,2,3.08587962962963,3.0,Always Cluster
4.0,30.0,0.4,12,12,1.0,Always Cluster,9,2,3.440277777777778,3.0,Always Cluster
4.0,30.0,0.5,12,12,1.0,Always Cluster,8,2,3.279960317460317,2.75,Always Cluster
4.0,30.0,0.6,12,12,1.0,Always Cluster,7,2,3.308101851851852,3.0,Always Cluster
4.0,30.0,0.7,12,12,1.0,Always Cluster,15,2,3.6188041125541126,3.0,Always Cluster
4.0,30.0,0.8,12,12,1.0,Always Cluster,9,2,3.1009589947089946,2.75,Always Cluster
4.0,30.0,0.9,12,12,1.0,Always Cluster,9,2,3.427780784030785,3.0,Always Cluster
4.0,30.0,1.0,12,12,1.0,Always Cluster,13,2,3.3752594627594625,3.0,Always Cluster
5.0,0.0,0.0,12,0,0.0,Never Cluster,0,0,0.0,0.0,Never Cluster
5.0,0.0,0.1,12,0,0.0,Never Cluster,0,0,0.0,0.0,Never Cluster
5.0,0.0,0.2,12,0,0.0,Never Cluster,0,0,0.0,0.0,Never Cluster
5.0,0.0,0.3,12,0,0.0,Never Cluster,0,0,0.0,0.0,Never Cluster
5.0,0.0,0.4,12,0,0.0,Never Cluster,0,0,0.0,0.0,Never Cluster
5.0,0.0,0.5,12,0,0.0,Never Cluster,0,0,0.0,0.0,Never Cluster
5.0,0.0,0.6,12,0,0.0,Never Cluster,0,0,0.0,0.0,Never Cluster
5.0,0.0,0.7,12,0,0.0,Never Cluster,0,0,0.0,0.0,Never Cluster
5.0,0.0,0.8,12,0,0.0,Never Cluster,0,0,0.0,0.0,Never Cluster
5.0,0.0,0.9,12,0,0.0,Never Cluster,0,0,0.0,0.0,Never Cluster
5.0,0.0,1.0,12,0,0.0,Never Cluster,0,0,0.0,0.0,Never Cluster
5.0,3.0,0.0,12,0,0.0,Never Cluster,0,0,0.0,0.0,Never Cluster
5.0,3.0,0.1,12,0,0.0,Never Cluster,0,0,0.0,0.0,Never Cluster
5.0,3.0,0.2,12,0,0.0,Never Cluster,0,0,0.0,0.0,Never Cluster
5.0,3.0,0.3,12,0,0.0,Never Cluster,0,0,0.0,0.0,Never Cluster
5.0,3.0,0.4,12,0,0.0,Never Cluster,0,0,0.0,0.0,Never Cluster
5.0,3.0,0.5,12,0,0.0,Never Cluster,0,0,0.0,0.0,Never Cluster
5.0,3.0,0.6,12,0,0.0,Never Cluster,0,0,0.0,0.0,Never Cluster
5.0,3.0,0.7,12,0,0.0,Never Cluster,0,0,0.0,0.0,Never Cluster
5.0,3.0,0.8,12,0,0.0,Never Cluster,0,0,0.0,0.0,Never Cluster
5.0,3.0,0.9,12,0,0.0,Never Cluster,0,0,0.0,0.0,Never Cluster
5.0,3.0,1.0,12,0,0.0,Never Cluster,0,0,0.0,0.0,Never Cluster
5.0,6.0,0.0,12,0,0.0,Never Cluster,0,0,0.0,0.0,Never Cluster
5.0,6.0,0.1,12,0,0.0,Never Cluster,0,0,0.0,0.0,Never Cluster
5.0,6.0,0.2,12,0,0.0,Never Cluster,0,0,0.0,0.0,Never Cluster
5.0,6.0,0.3,12,0,0.0,Never Cluster,0,0,0.0,0.0,Never Cluster
5.0,6.0,0.4,12,0,0.0,Never Cluster,0,0,0.0,0.0,Never Cluster
5.0,6.0,0.5,12,0,0.0,Never Cluster,0,0,0.0,0.0,Never Cluster
5.0,6.0,0.6,12,0,0.0,Never Cluster,0,0,0.0,0.0,Never Cluster
5.0,6.0,0.7,12,0,0.0,Never Cluster,0,0,0.0,0.0,Never Cluster
5.0,6.0,0.8,12,0,0.0,Never Cluster,0,0,0.0,0.0,Never Cluster
5.0,6.0,0.9,12,0,0.0,Never Cluster,0,0,0.0,0.0,Never Cluster
5.0,6.0,1.0,12,0,0.0,Never Cluster,0,0,0.0,0.0,Never Cluster
5.0,9.0,0.0,12,0,0.0,Never Cluster,0,0,0.0,0.0,Never Cluster
5.0,9.0,0.1,12,0,0.0,Never Cluster,0,0,0.0,0.0,Never Cluster
5.0,9.0,0.2,12,0,0.0,Never Cluster,0,0,0.0,0.0,Never Cluster
5.0,9.0,0.3,12,0,0.0,Never Cluster,0,0,0.0,0.0,Never Cluster
5.0,9.0,0.4,12,0,0.0,Never Cluster,0,0,0.0,0.0,Never Cluster
5.0,9.0,0.5,12,0,0.0,Never Cluster,0,0,0.0,0.0,Never Cluster
5.0,9.0,0.6,12,0,0.0,Never Cluster,0,0,0.0,0.0,Never Cluster
5.0,9.0,0.7,12,0,0.0,Never Cluster,0,0,0.0,0.0,Never Cluster
5.0,9.0,0.8,12,0,0.0,Never Cluster,0,0,0.0,0.0,Never Cluster
5.0,9.0,0.9,12,0,0.0,Never Cluster,0,0,0.0,0.0,Never Cluster
5.0,9.0,1.0,12,0,0.0,Never Cluster,0,0,0.0,0.0,Never Cluster
5.0,12.0,0.0,12,0,0.0,Never Cluster,0,0,0.0,0.0,Never Cluster
5.0,12.0,0.1,12,2,0.16666666666666666,Rarely Cluster,4,3,3.5,3.5,Sometimes Cluster
5.0,12.0,0.2,12,1,0.08333333333333333,Rarely Cluster,7,7,7.0,7.0,Sometimes Cluster
5.0,12.0,0.3,12,1,0.08333333333333333,Rarely Cluster,2,2,2.0,2.0,Sometimes Cluster
5.0,12.0,0.4,12,1,0.08333333333333333,Rarely Cluster,6,6,6.0,6.0,Sometimes Cluster
5.0,12.0,0.5,12,0,0.0,Never Cluster,0,0,0.0,0.0,Never Cluster
5.0,12.0,0.6,12,0,0.0,Never Cluster,0,0,0.0,0.0,Never Cluster
5.0,12.0,0.7,12,2,0.16666666666666666,Rarely Cluster,3,3,3.0,3.0,Sometimes Cluster
5.0,12.0,0.8,12,1,0.08333333333333333,Rarely Cluster,6,6,6.0,6.0,Sometimes Cluster
5.0,12.0,0.9,12,1,0.08333333333333333,Rarely Cluster,2,2,2.0,2.0,Sometimes Cluster
5.0,12.0,1.0,12,1,0.08333333333333333,Rarely Cluster,4,4,4.0,4.0,Sometimes Cluster
5.0,15.0,0.0,12,1,0.08333333333333333,Rarely Cluster,4,4,4.0,4.0,Sometimes Cluster
5.0,15.0,0.1,12,3,0.25,Sometimes Cluster,4,2,3.3333333333333335,4.0,Sometimes Cluster
5.0,15.0,0.2,12,1,0.08333333333333333,Rarely Cluster,4,4,4.0,4.0,Sometimes Cluster
5.0,15.0,0.3,12,4,0.3333333333333333,Sometimes Cluster,4,2,3.0,3.0,Sometimes Cluster
5.0,15.0,0.4,12,5,0.4166666666666667,Sometimes Cluster,6,2,3.2,3.0,Sometimes Cluster
5.0,15.0,0.5,12,6,0.5,Sometimes Cluster,5,2,3.1666666666666665,3.0,Sometimes Cluster
5.0,15.0,0.6,12,5,0.4166666666666667,Sometimes Cluster,3,2,2.4,2.0,Sometimes Cluster
5.0,15.0,0.7,12,1,0.08333333333333333,Rarely Cluster,3,2,2.5,2.5,Sometimes Cluster
5.0,15.0,0.8,12,6,0.5,Sometimes Cluster,4,2,2.5833333333333335,2.5,Sometimes Cluster
5.0,15.0,0.9,12,3,0.25,Sometimes Cluster,4,2,2.6666666666666665,2.0,Sometimes Cluster
5.0,15.0,1.0,12,4,0.3333333333333333,Sometimes Cluster,7,3,4.25,3.5,Sometimes Cluster
5.0,18.0,0.0,12,6,0.5,Sometimes Cluster,6,2,3.1666666666666665,3.0,Sometimes Cluster
5.0,18.0,0.1,12,4,0.3333333333333333,Sometimes Cluster,8,3,5.208333333333333,4.5,Sometimes Cluster
5.0,18.0,0.2,12,4,0.3333333333333333,Sometimes Cluster,5,3,3.75,3.5,Sometimes Cluster
5.0,18.0,0.3,12,5,0.4166666666666667,Sometimes Cluster,5,2,2.5,2.0,Sometimes Cluster
5.0,18.0,0.4,12,4,0.3333333333333333,Sometimes Cluster,8,2,3.7916666666666665,3.5,Sometimes Cluster
5.0,18.0,0.5,12,8,0.6666666666666666,Sometimes Cluster,6,2,3.416666666666667,3.0,Sometimes Cluster
5.0,18.0,0.6,12,7,0.5833333333333334,Sometimes Cluster,6,2,3.857142857142857,4.0,Sometimes Cluster
5.0,18.0,0.7,12,4,0.3333333333333333,Sometimes Cluster,5,2,2.833333333333333,2.5,Sometimes Cluster
5.0,18.0,0.8,12,7,0.5833333333333334,Sometimes Cluster,5,2,3.1190476190476195,3.0,Sometimes Cluster
5.0,18.0,0.9,12,7,0.5833333333333334,Sometimes Cluster,4,2,3.0,3.0,Sometimes Cluster
5.0,18.0,1.0,12,8,0.6666666666666666,Sometimes Cluster,8,2,2.8125,2.25,Sometimes Cluster
5.0,21.0,0.0,12,9,0.75,Often Cluster,5,2,2.962962962962963,3.0,Sometimes Cluster
5.0,21.0,0.1,12,8,0.6666666666666666,Sometimes Cluster,6,2,3.385416666666667,3.0,Sometimes Cluster
5.0,21.0,0.2,12,9,0.75,Often Cluster,9,2,3.2037037037037037,3.0,Sometimes Cluster
5.0,21.0,0.3,12,7,0.5833333333333334,Sometimes Cluster,4,2,2.9285714285714284,2.5,Sometimes Cluster
5.0,21.0,0.4,12,9,0.75,Often Cluster,5,2,3.2777777777777777,3.0,Sometimes Cluster
5.0,21.0,0.5,12,8,0.6666666666666666,Sometimes Cluster,5,2,3.0,3.0,Sometimes Cluster
5.0,21.0,0.6,12,11,0.9166666666666666,Often Cluster,7,2,2.8484848484848486,2.0,Sometimes Cluster
5.0,21.0,0.7,12,11,0.9166666666666666,Often Cluster,5,2,2.8181818181818183,2.5,Sometimes Cluster
5.0,21.0,0.8,12,8,0.6666666666666666,Sometimes Cluster,7,2,3.1875,3.0,Sometimes Cluster
5.0,21.0,0.9,12,11,0.9166666666666666,Often Cluster,5,2,3.0606060606060606,2.0,Sometimes Cluster
5.0,21.0,1.0,12,10,0.8333333333333334,Often Cluster,5,2,2.5633333333333335,2.0,Sometimes Cluster
5.0,24.0,0.0,12,5,0.4166666666666667,Sometimes Cluster,4,2,2.7,2.5,Sometimes Cluster
5.0,24.0,0.1,12,9,0.75,Often Cluster,5,2,2.611111111111111,2.0,Sometimes Cluster
5.0,24.0,0.2,12,10,0.8333333333333334,Often Cluster,4,2,2.4583333333333335,2.0,Sometimes Cluster
5.0,24.0,0.3,12,6,0.5,Sometimes Cluster,7,2,3.3166666666666664,3.5,Sometimes Cluster
5.0,24.0,0.4,12,11,0.9166666666666666,Often Cluster,10,2,2.803030303030303,2.0,Sometimes Cluster
5.0,24.0,0.5,12,10,0.8333333333333334,Often Cluster,4,2,2.625,2.5,Sometimes Cluster
5.0,24.0,0.6,12,8,0.6666666666666666,Sometimes Cluster,5,2,3.541666666666667,3.5,Sometimes Cluster
5.0,24.0,0.7,12,9,0.75,Often Cluster,4,2,2.5,2.0,Sometimes Cluster
5.0,24.0,0.8,12,11,0.9166666666666666,Often Cluster,6,2,2.303030303030303,2.0,Sometimes Cluster
5.0,24.0,0.9,12,10,0.8333333333333334,Often Cluster,9,2,3.5799999999999996,3.5,Sometimes Cluster
5.0,24.0,1.0,12,12,1.0,Always Cluster,4,2,2.527777777777778,2.25,Always Cluster
5.0,27.0,0.0,12,5,0.4166666666666667,Sometimes Cluster,4,2,3.1,3.0,Sometimes Cluster
5.0,27.0,0.1,12,8,0.6666666666666666,Sometimes Cluster,3,2,2.125,2.0,Sometimes Cluster
5.0,27.0,0.2,12,8,0.6666666666666666,Sometimes Cluster,6,2,2.71875,2.25,Sometimes Cluster
5.0,27.0,0.3,12,7,0.5833333333333334,Sometimes Cluster,4,2,2.4285714285714284,2.0,Sometimes Cluster
5.0,27.0,0.4,12,11,0.9166666666666666,Often Cluster,7,2,2.6090909090909093,2.0,Sometimes Cluster
5.0,27.0,0.5,12,9,0.75,Often Cluster,5,2,2.8240740740740744,2.0,Sometimes Cluster
5.0,27.0,0.6,12,11,0.9166666666666666,Often Cluster,4,2,2.4393939393939394,2.0,Sometimes Cluster
5.0,27.0,0.7,12,10,0.8333333333333334,Often Cluster,4,2,2.2,2.0,Sometimes Cluster
5.0,27.0,0.8,12,12,1.0,Always Cluster,4,2,2.323611111111111,2.0,Always Cluster
5.0,27.0,0.9,12,11,0.9166666666666666,Often Cluster,7,2,2.756060606060606,2.5,Sometimes Cluster
5.0,27.0,1.0,12,12,1.0,Always Cluster,8,2,2.881944444444444,2.75,Always Cluster
5.0,30.0,0.0,12,5,0.4166666666666667,Sometimes Cluster,5,2,2.6,2.0,Sometimes Cluster
5.0,30.0,0.1,12,7,0.5833333333333334,Sometimes Cluster,5,2,2.5,2.0,Sometimes Cluster
5.0,30.0,0.2,12,10,0.8333333333333334,Often Cluster,3,2,2.2333333333333334,2.0,Sometimes Cluster
5.0,30.0,0.3,12,12,1.0,Always Cluster,6,2,2.638888888888889,2.5,Always Cluster
5.0,30.0,0.4,12,10,0.8333333333333334,Often Cluster,5,2,2.2333333333333334,2.0,Sometimes Cluster
5.0,30.0,0.5,12,8,0.6666666666666666,Sometimes Cluster,5,2,2.5625,2.0,Sometimes Cluster
5.0,30.0,0.6,12,11,0.9166666666666666,Often Cluster,4,2,2.7722943722943723,2.0,Sometimes Cluster
5.0,30.0,0.7,11,9,0.8181818181818182,Often Cluster,8,2,2.7074074074074073,2.0,Sometimes Cluster
5.0,30.0,0.8,11,10,0.9090909090909091,Often Cluster,8,2,2.6516666666666664,2.0,Sometimes Cluster
5.0,30.0,0.9,11,11,1.0,Always Cluster,7,2,2.3780303030303034,2.0,Always Cluster
5.0,30.0,1.0,11,11,1.0,Always Cluster,10,2,3.1136363636363638,2.0,Always Cluster
