id,x,y
1,4.249999999999455,12.15
2,7.904761904762303,2.8095238095238093
3,4.444444444443365,2.2222222222222223
4,6.899999999999546,9.25
5,12.789473684210066,6.157894736842105
6,16.500000000000455,2.0
7,15.578947368420394,5.631578947368421
8,23.85000000000041,1.75
9,27.29411764705826,2.411764705882353
10,31.55000000000046,13.85
11,29.933333333332477,4.6
12,30.68421052631549,8.368421052631579
13,31.94117647058775,1.411764705882353
14,41.09999999999966,5.8
15,38.59999999999972,1.5
16,52.00000000000023,0.7647058823529411
17,43.11764705882405,2.235294117647059
18,56.83333333333288,5.0
19,58.6500000000003,8.75
20,61.11764705882394,1.5294117647058822
21,67.88235294117601,5.0
22,67.00000000000043,1.7142857142857142
23,65.84210526315748,11.368421052631579
24,64.11111111111069,3.5555555555555554
25,72.46666666666664,5.066666666666666
26,76.11111111111137,20.055555555555557
27,83.85714285714346,4.285714285714286
28,80.70588235294075,4.647058823529412
29,79.77777777777816,1.2777777777777777
30,87.29411764705826,12.647058823529411
31,89.86666666666618,1.0666666666666667
32,86.82352941176383,8.941176470588236
33,100.64705882352895,1.588235294117647
34,107.2631578947367,1.3157894736842106
35,102.49999999999986,4.5
36,108.85714285714234,5.761904761904762
37,113.33333333333384,23.27777777777778
38,109.75000000000048,9.75
39,111.00000000000004,2.8421052631578947
40,117.47368421052694,11.421052631578947
41,112.44444444444402,16.5
42,121.27777777777813,1.6666666666666667
43,136.06666666666715,1.5333333333333334
44,132.31250000000088,1.0625
45,144.77777777777806,2.4444444444444446
46,148.1111111111116,1.9444444444444444
47,144.9999999999996,24.3
48,147.00000000000074,6.764705882352941
49,151.22222222222243,2.888888888888889
50,148.21428571428598,11.714285714285714
51,153.3999999999996,10.7
52,157.8947368421049,3.0
53,155.38095238095295,7.428571428571429
54,161.7777777777775,0.9444444444444444
55,162.30000000000018,4.8
56,167.14999999999958,1.65
57,171.9500000000001,1.55
58,178.85714285714266,10.428571428571429
59,178.87499999999955,2.8125
60,181.11764705882396,6.411764705882353
61,173.75000000000054,10.45
62,187.70588235294167,12.411764705882353
63,182.5238095238096,1.0476190476190477
64,188.87500000000045,0.75
65,193.8181818181816,4.545454545454546
66,196.76470588235338,1.4705882352941178
67,198.3684210526323,6.315789473684211
68,201.19047619047606,10.80952380952381
69,203.8125000000001,2.75
70,200.47058823529366,2.0
71,210.94736842105277,1.1578947368421053
72,211.1428571428568,6.238095238095238
73,218.8823529411773,0.7647058823529411
74,206.72222222222203,2.0
75,231.89999999999947,7.0
76,230.52941176470634,2.5294117647058822
77,227.5000000000004,9.0
78,237.52941176470586,4.294117647058823
79,233.68421052631604,2.0526315789473686
80,238.47058823529355,0.9411764705882353
81,246.65000000000003,8.35
82,244.63157894736784,2.473684210526316
83,241.73684210526363,3.8421052631578947
84,252.15789473684245,2.3684210526315788
85,248.35000000000036,1.7
86,257.5882352941183,0.5882352941176471
87,261.00000000000045,3.2941176470588234
88,265.52631578947546,0.7894736842105263
89,266.0000000000002,5.0
90,270.58823529411865,1.9411764705882353
91,277.6875000000008,13.3125
92,270.92307692307884,5.615384615384615
93,285.5000000000004,3.1875
94,276.1666666666652,3.888888888888889
95,281.59999999999974,1.35
96,279.0555555555553,5.388888888888889
97,288.22222222222314,6.333333333333333
98,294.25000000000017,4.1
99,298.9411764705873,3.0
100,298.3750000000007,0.6875
101,303.82352941176487,3.5294117647058822
102,312.882352941177,2.764705882352941
103,310.3888888888892,9.444444444444445
104,306.78571428571394,10.428571428571429
105,309.70588235294105,2.0588235294117645
106,306.41176470588323,6.647058823529412
107,322.7058823529418,2.3529411764705883
108,328.7058823529409,3.4705882352941178
109,331.3125000000004,2.8125
110,334.94117647058755,1.411764705882353
111,338.499999999999,2.875
112,331.6842105263166,8.210526315789474
113,335.1176470588248,5.176470588235294
114,336.86666666666605,15.733333333333333
115,341.9999999999998,1.4
116,358.46666666666596,1.6666666666666667
117,351.3125000000001,5.5625
118,354.06249999999915,1.375
119,355.6842105263154,5.473684210526316
120,362.6315789473676,1.4210526315789473
121,363.82352941176475,4.294117647058823
122,362.8947368421045,20.842105263157894
123,367.43750000000034,1.5
124,370.4117647058834,11.588235294117647
125,369.94117647058897,6.470588235294118
126,374.6500000000002,6.45
127,385.26315789473557,0.631578947368421
128,385.5263157894736,14.263157894736842
129,387.4375000000009,17.8125
130,397.27777777777857,2.611111111111111
131,393.2222222222215,0.8888888888888888
132,389.93333333333163,13.466666666666667
133,390.15789473684146,6.526315789473684
134,398.0,7.0
135,401.157894736842,1.4736842105263157
136,408.49999999999943,9.38888888888889
137,411.85000000000053,2.25
138,411.22222222222086,6.388888888888889
139,413.7777777777779,13.5
140,419.74999999999983,13.95
141,414.6666666666663,9.833333333333334
142,423.50000000000045,6.5
143,421.6470588235296,1.411764705882353
144,426.6666666666674,1.6111111111111112
145,432.00000000000125,2.227272727272727
146,438.7647058823517,2.235294117647059
147,439.4999999999993,7.555555555555555
148,448.0000000000003,9.61111111111111
149,448.56249999999943,5.6875
150,454.5000000000001,2.8
151,452.2352941176469,7.705882352941177
152,458.2499999999991,13.25
153,447.18749999999966,1.3125
154,451.21052631579005,2.1578947368421053
155,465.87500000000057,7.4375
156,460.1111111111105,2.7777777777777777
157,469.31578947368496,2.6315789473684212
158,465.9999999999996,2.5294117647058822
159,472.4210526315783,1.5789473684210527
160,478.0476190476197,2.4761904761904763
161,482.15,1.95
162,481.1875000000001,21.0625
163,487.25,4.5
164,1.1875000000004547,2.8125
165,498.1578947368421,2.3157894736842106
166,498.66666666666606,7.055555555555555
167,2.6666666666662593,7.277777777777778
168,498.8235294117647,17.176470588235293
169,9.124999999999574,7.0
170,11.722222222222761,0.7777777777777778
171,11.272727272727632,14.818181818181818
172,13.058823529412308,21.941176470588236
173,18.799999999999624,9.25
174,19.736842105263445,2.3157894736842106
175,21.941176470588616,7.235294117647059
176,26.052631578947754,7.894736842105263
177,22.421052631578586,27.05263157894737
178,34.81818181818201,3.5454545454545454
179,37.857142857142335,7.333333333333333
180,34.79999999999965,9.95
181,39.12499999999946,13.125
182,43.70588235294161,9.117647058823529
183,48.80000000000049,3.6666666666666665
184,49.89473684210477,12.368421052631579
185,52.636363636363804,6.818181818181818
186,56.50000000000048,1.5
187,61.64999999999982,6.65
188,60.38888888888841,12.666666666666666
189,70.99999999999972,1.1764705882352942
190,65.22222222222265,22.61111111111111
191,71.75000000000037,11.5
192,75.57894736842148,1.894736842105263
193,76.50000000000038,7.0
194,85.58823529411723,1.7058823529411764
195,89.21428571428588,21.857142857142858
196,80.99999999999987,29.8
197,86.93749999999983,17.5625
198,88.25000000000048,5.25
199,91.76470588235243,6.294117647058823
200,96.79999999999946,1.3333333333333333
201,93.58823529411808,2.411764705882353
202,98.73684210526321,13.263157894736842
203,115.49999999999947,0.8333333333333334
204,112.9999999999996,36.1764705882353
205,113.0000000000004,10.727272727272727
206,109.69230769230941,14.76923076923077
207,115.05882352941133,4.823529411764706
208,117.23529411764639,8.588235294117647
209,124.68749999999939,2.25
210,128.33333333333383,1.5333333333333334
211,124.43749999999977,9.625
212,140.3333333333337,1.3888888888888888
213,133.49999999999966,5.0
214,140.52631578947424,4.894736842105263
215,149.11764705882294,18.470588235294116
216,145.05882352941205,18.41176470588235
217,152.26315789473728,15.052631578947368
218,142.4999999999996,10.25
219,157.50000000000017,11.1875
220,154.0,3.0
221,154.10000000000014,19.45
222,160.66666666666626,10.833333333333334
223,165.10526315789502,7.631578947368421
224,176.38095238095215,3.380952380952381
225,174.8888888888888,6.333333333333333
226,184.44999999999996,29.1
227,168.66666666666703,11.666666666666666
228,187.27777777777916,17.38888888888889
229,185.49999999999963,4.0
230,182.88888888888883,16.27777777777778
231,187.58823529411802,7.352941176470588
232,192.09523809523776,26.571428571428573
233,203.26315789473725,7.0
234,204.2499999999995,13.05
235,193.7142857142855,10.714285714285714
236,204.80952380952334,22.142857142857142
237,206.94444444444485,17.72222222222222
238,214.56249999999952,12.75
239,216.84210526315712,4.421052631578948
240,213.9375000000003,4.0625
241,221.15000000000046,3.25
242,222.74999999999963,7.4
243,220.588235294118,18.176470588235293
244,226.1578947368419,4.947368421052632
245,235.70588235294198,10.058823529411764
246,232.29411764706,10.764705882352942
247,238.9444444444444,8.222222222222221
248,233.11764705882356,20.941176470588236
249,242.83333333333383,16.055555555555557
250,243.42105263157933,8.894736842105264
251,247.31818181818224,12.590909090909092
252,252.1428571428571,9.0
253,256.4999999999999,4.5
254,252.76190476190473,13.761904761904763
255,260.59090909090895,7.590909090909091
256,267.5333333333339,13.866666666666667
257,270.150000000001,9.85
258,278.5555555555548,19.72222222222222
259,262.15789473684254,16.842105263157894
260,275.0000000000003,1.1666666666666667
261,288.1764705882365,1.5294117647058822
262,279.93750000000034,14.875
263,285.74999999999943,9.3125
264,282.3333333333338,6.555555555555555
265,291.6666666666666,2.2222222222222223
266,290.17647058823513,9.647058823529411
267,293.47058823529335,9.352941176470589
268,305.6249999999999,0.8125
269,297.799999999999,15.75
270,299.944444444444,13.055555555555555
271,316.0000000000001,11.055555555555555
272,309.83333333333235,19.38888888888889
273,315.3124999999997,3.3125
274,318.5000000000003,5.5
275,318.76470588235316,1.1176470588235294
276,325.28571428571456,6.5
277,326.2777777777777,1.4444444444444444
278,337.0555555555568,9.0
279,331.57142857142816,18.357142857142858
280,341.35294117647186,5.352941176470588
281,349.4000000000005,1.0
282,344.16666666666663,10.88888888888889
283,344.9444444444441,2.7777777777777777
284,348.6249999999996,3.875
285,355.22222222222155,17.666666666666668
286,354.1111111111111,12.277777777777779
287,360.1111111111116,6.277777777777778
288,358.21052631578897,16.473684210526315
289,362.42857142857264,15.619047619047619
290,366.8333333333327,7.166666666666667
291,378.3333333333335,24.38095238095238
292,369.8125000000002,17.1875
293,378.00000000000045,1.1578947368421053
294,379.11111111111126,9.833333333333334
295,384.47058823529323,5.235294117647059
296,387.99999999999955,3.375
297,381.84999999999985,5.2
298,393.00000000000125,4.294117647058823
299,387.94117647058965,22.352941176470587
300,388.41176470588266,9.470588235294118
301,400.52631578947376,7.157894736842105
302,406.99999999999955,4.05
303,408.4999999999999,18.0
304,406.72222222222234,0.7777777777777778
305,409.6470588235308,12.823529411764707
306,415.74999999999864,15.125
307,419.3478260869571,7.6521739130434785
308,416.0869565217397,5.086956521739131
309,416.5555555555559,1.0555555555555556
310,422.21739130434725,39.73913043478261
311,426.69999999999993,6.6
312,432.1666666666677,18.22222222222222
313,436.4,3.2
314,438.7647058823533,17.176470588235293
315,442.41176470588215,1.5294117647058822
316,444.5,5.0
317,444.3157894736837,11.210526315789474
318,447.78947368421035,13.842105263157896
319,454.2352941176472,19.88235294117647
320,459.2499999999999,0.625
321,469.82352941176526,7.529411764705882
322,466.0588235294114,17.764705882352942
323,472.72222222222234,13.777777777777779
324,465.1428571428581,12.071428571428571
325,475.21428571428595,5.571428571428571
326,478.88235294117624,9.705882352941176
327,477.5333333333326,17.333333333333332
328,484.8947368421051,25.210526315789473
329,483.27777777777777,10.277777777777779
330,495.14285714285717,1.5
331,499.8888888888889,12.055555555555555
332,486.1666666666667,1.6111111111111112
333,492.5,5.5
334,496.05,19.9
335,3.9999999999994182,31.238095238095237
336,495.8571428571436,23.476190476190474
337,6.999999999999674,14.894736842105264
338,1.8888888888882827,16.22222222222222
339,15.388888888888125,13.38888888888889
340,12.05263157894714,10.31578947368421
341,23.888888888888918,11.38888888888889
342,19.73333333333282,14.133333333333333
343,24.421052631579833,21.789473684210527
344,28.29411764705926,12.882352941176471
345,31.666666666665925,22.4
346,39.68421052631634,26.105263157894736
347,34.12500000000054,17.3125
348,38.20000000000105,16.7
349,40.54999999999954,22.3
350,46.176470588235716,2.0588235294117645
351,47.5,8.5
352,53.77777777777759,14.166666666666666
353,55.60000000000021,11.8
354,62.10000000000016,40.15
355,60.38095238095221,23.285714285714285
356,60.05555555555561,16.444444444444443
357,64.55555555555512,16.61111111111111
358,71.57894736842162,8.578947368421053
359,71.44999999999968,15.1
360,74.94444444444507,16.166666666666668
361,78.94444444444422,15.944444444444445
362,77.99999999999999,10.61111111111111
363,90.15789473684166,26.263157894736842
364,94.1111111111116,13.055555555555555
365,90.63157894736806,17.94736842105263
366,95.50000000000045,7.5
367,99.49999999999962,8.85
368,94.06250000000071,20.6875
369,110.73684210526353,20.157894736842106
370,107.0000000000006,20.157894736842106
371,106.66666666666721,14.777777777777779
372,112.92857142857197,28.5
373,118.10526315789436,14.578947368421053
374,117.15789473684194,19.894736842105264
375,121.88235294117551,15.529411764705882
376,122.4999999999998,7.5
377,118.66666666666684,4.611111111111111
378,128.94444444444485,6.777777777777778
379,132.70588235294184,15.705882352941176
380,134.10000000000036,8.85
381,137.4444444444451,14.277777777777779
382,142.16666666666615,20.555555555555557
383,148.99999999999957,24.36842105263158
384,147.58823529411723,30.88235294117647
385,144.31578947368317,32.78947368421053
386,155.15000000000032,30.2
387,158.0000000000004,15.333333333333334
388,165.38095238095264,18.428571428571427
389,161.9523809523806,18.142857142857142
390,176.1000000000003,15.4
391,170.1,6.2
392,172.1052631578942,24.0
393,172.99999999999966,32.714285714285715
394,176.81250000000023,22.25
395,179.64705882352803,14.235294117647058
396,189.9999999999996,4.5
397,187.49999999999923,25.5
398,190.72222222222265,21.77777777777778
399,190.3750000000007,12.6875
400,192.05000000000018,16.2
401,199.34999999999945,19.3
402,204.52380952380886,26.238095238095237
403,202.23809523809516,17.047619047619047
404,207.33333333333368,7.166666666666667
405,215.31578947368527,9.052631578947368
406,220.82608695652178,26.652173913043477
407,226.45000000000041,1.35
408,214.33333333333366,17.0
409,220.30000000000027,9.95
410,221.54545454545422,35.54545454545455
411,227.30000000000035,13.1
412,227.88888888888772,22.22222222222222
413,235.05882352941182,16.11764705882353
414,239.29411764705924,15.294117647058824
415,242.58823529411742,27.0
416,244.82352941176512,30.647058823529413
417,249.64705882352973,18.705882352941178
418,246.95454545454615,23.727272727272727
419,250.59999999999982,6.05
420,253.68181818181804,24.272727272727273
421,265.61111111110955,10.055555555555555
422,256.3888888888889,10.222222222222221
423,264.1764705882357,21.823529411764707
424,265.1764705882357,16.58823529411765
425,267.0526315789471,25.263157894736842
426,274.6315789473666,7.947368421052632
427,278.78260869565247,35.869565217391305
428,275.19999999999914,17.933333333333334
429,281.4999999999999,10.0
430,294.1499999999998,23.6
431,285.71428571428487,22.095238095238095
432,293.2352941176453,18.11764705882353
433,296.9444444444441,26.22222222222222
434,297.9090909090912,8.272727272727273
435,297.1176470588239,18.941176470588236
436,304.39999999999975,27.95
437,304.90476190476227,32.095238095238095
438,305.0000000000001,16.055555555555557
439,301.2105263157905,22.36842105263158
440,314.55555555555577,16.5
441,315.07142857142895,21.857142857142858
442,321.47058823529346,8.0
443,328.5,14.777777777777779
444,328.0000000000002,8.0
445,332.6000000000006,12.466666666666667
446,326.50000000000057,23.45
447,332.82352941176447,15.647058823529411
448,333.52941176470557,23.88235294117647
449,346.43750000000045,7.375
450,342.6315789473676,16.263157894736842
451,344.1111111111117,24.27777777777778
452,353.1666666666666,9.222222222222221
453,364.06666666666837,10.533333333333333
454,357.1000000000002,34.3
455,360.94444444444474,32.333333333333336
456,360.60000000000065,29.05
457,357.5263157894744,39.68421052631579
458,374.1999999999995,32.5
459,378.70588235294184,5.411764705882353
460,382.8823529411771,18.764705882352942
461,385.1764705882354,10.294117647058824
462,382.1111111111117,14.0
463,388.3529411764721,32.11764705882353
464,384.0833333333332,31.875
465,392.3684210526324,15.894736842105264
466,387.3157894736845,27.473684210526315
467,393.77777777777834,8.833333333333334
468,397.49999999999983,19.4
469,403.5,7.5
470,402.65000000000066,22.35
471,403.6666666666663,11.333333333333334
472,416.88235294117607,25.0
473,415.1052631578939,31.157894736842106
474,426.1000000000002,38.95
475,424.0526315789479,21.36842105263158
476,423.00000000000153,17.0
477,429.09090909090895,8.636363636363637
478,429.9047619047616,13.380952380952381
479,432.2105263157889,24.57894736842105
480,434.0666666666657,11.066666666666666
481,433.56249999999875,7.6875
482,439.2499999999999,10.9
483,455.05882352941194,12.470588235294118
484,448.4374999999991,23.8125
485,452.71428571428527,33.80952380952381
486,461.76190476190544,11.80952380952381
487,455.5625000000005,7.375
488,460.0,7.0
489,463.53333333333336,5.333333333333333
490,471.65,31.45
491,469.444444444445,19.11111111111111
492,473.0,8.0
493,480.8333333333333,34.0
494,477.0,8.0
495,476.44444444444383,32.388888888888886
496,480.2352941176465,25.058823529411764
497,488.55555555555554,11.11111111111111
498,491.4117647058824,1.588235294117647
499,488.35714285714283,34.714285714285715
500,495.5625,9.3125
501,499.0999999999998,34.6
502,2.2000000000010003,26.65
503,2.8421052631583557,19.736842105263158
504,8.550000000000257,23.85
505,9.22222222222246,19.166666666666668
506,10.666666666666833,32.38095238095238
507,18.176470588234835,17.941176470588236
508,19.318181818181422,23.863636363636363
509,25.058823529412308,15.823529411764707
510,22.49999999999949,45.0
511,23.882352941176837,30.0
512,27.999999999998863,24.263157894736842
513,27.72222222222178,18.333333333333332
514,46.50000000000109,34.111111111111114
515,38.21052631579064,31.36842105263158
516,35.73913043478254,41.43478260869565
517,43.42105263158004,14.842105263157896
518,49.12499999999969,44.916666666666664
519,42.24999999999971,33.4
520,55.65000000000045,27.6
521,55.75000000000021,18.8
522,60.421052631578256,33.31578947368421
523,68.41176470588266,18.764705882352942
524,66.9411764705896,33.64705882352941
525,82.05263157894778,33.526315789473685
526,68.10526315789511,26.36842105263158
527,72.77777777777692,38.111111111111114
528,75.00000000000135,49.11764705882353
529,82.4999999999996,9.5
530,85.7222222222211,32.22222222222222
531,91.90476190476208,30.761904761904763
532,90.99999999999973,11.5
533,93.64705882352986,24.294117647058822
534,92.35000000000028,37.35
535,102.62499999999949,16.625
536,103.79999999999987,11.8
537,106.73333333333285,25.133333333333333
538,105.39999999999964,37.06666666666667
539,109.93333333333382,25.333333333333332
540,118.15789473684187,37.36842105263158
541,119.83333333333297,23.833333333333332
542,123.41176470588185,19.705882352941178
543,129.93750000000045,16.3125
544,126.99999999999893,8.5
545,125.00000000000021,21.9375
546,137.8823529411767,18.705882352941178
547,135.00000000000003,11.0
548,137.64705882352993,22.470588235294116
549,145.24999999999946,27.875
550,144.40000000000015,46.4
551,146.9333333333319,35.6
552,152.49999999999957,25.11111111111111
553,151.37499999999957,33.375
554,158.78947368420958,21.526315789473685
555,161.31250000000023,27.1875
556,164.50000000000026,12.5
557,177.30000000000047,19.85
558,165.42105263157987,31.57894736842105
559,168.50000000000048,17.11111111111111
560,169.0555555555552,30.166666666666668
561,182.54999999999956,34.3
562,180.52631578947364,25.63157894736842
563,183.99999999999994,10.454545454545455
564,189.47619047619006,32.523809523809526
565,196.94117647058803,22.529411764705884
566,194.44444444444332,18.27777777777778
567,196.99999999999974,29.272727272727273
568,197.4999999999998,12.0
569,200.14999999999935,24.6
570,211.47058823529457,20.235294117647058
571,208.1052631578951,13.157894736842104
572,211.00000000000037,13.0
573,214.50000000000082,32.0
574,216.79999999999959,21.4
575,222.82352941176433,22.88235294117647
576,223.19999999999987,16.1
577,230.66666666666606,31.38888888888889
578,231.1666666666662,14.666666666666666
579,237.3125000000005,34.9375
580,234.10000000000076,37.85
581,230.61111111111046,25.444444444444443
582,235.38888888888874,25.555555555555557
583,258.1499999999992,33.55
584,247.00000000000085,17.3
585,254.15789473684185,38.473684210526315
586,255.9374999999991,29.8125
587,250.9000000000006,20.85
588,258.2857142857132,15.428571428571429
589,262.0,10.0
590,256.7894736842113,25.473684210526315
591,263.0000000000002,34.73684210526316
592,268.0666666666677,18.866666666666667
593,274.22222222222103,12.38888888888889
594,277.11764705882297,26.705882352941178
595,275.499999999999,22.8125
596,284.8333333333323,26.333333333333332
597,286.3125000000007,13.25
598,289.1818181818181,16.545454545454547
599,281.05555555555475,30.055555555555557
600,292.0588235294103,33.588235294117645
601,292.4444444444449,29.22222222222222
602,298.4666666666664,22.066666666666666
603,301.8888888888889,7.722222222222222
604,307.99999999999994,15.5
605,311.2380952380961,27.952380952380953
606,312.85714285714283,12.285714285714286
607,320.4736842105259,37.8421052631579
608,318.9999999999999,12.5
609,323.5000000000007,11.0
610,323.1875,28.5
611,328.4999999999998,10.0
612,334.15000000000026,30.7
613,328.6111111111111,28.11111111111111
614,339.2999999999996,25.65
615,341.9285714285713,29.285714285714285
616,340.49999999999966,10.5
617,348.5499999999993,10.95
618,353.4375000000002,21.0625
619,348.4500000000007,16.55
620,359.8500000000003,10.3
621,360.05882352941325,24.058823529411764
622,351.29999999999995,41.05
623,360.36363636363643,45.04545454545455
624,371.352941176472,1.588235294117647
625,370.5263157894736,29.57894736842105
626,374.3499999999998,14.65
627,378.5499999999993,42.15
628,378.21052631579033,15.31578947368421
629,390.94736842105254,20.05263157894737
630,392.09523809523836,26.61904761904762
631,391.58823529411796,30.41176470588235
632,392.95000000000056,34.55
633,395.0555555555552,12.555555555555555
634,407.6666666666663,34.94444444444444
635,396.49999999999955,31.25
636,400.0,12.5
637,413.2352941176472,20.647058823529413
638,410.7368421052629,24.894736842105264
639,420.83333333333366,27.555555555555557
640,416.4999999999991,19.5
641,419.8750000000011,20.125
642,420.6315789473684,33.68421052631579
643,431.83333333333405,29.333333333333332
644,424.7368421052638,13.368421052631579
645,424.3333333333327,26.833333333333332
646,433.1111111111112,33.72222222222222
647,442.4736842105268,24.473684210526315
648,438.0000000000004,36.1578947368421
649,441.2608695652171,32.56521739130435
650,436.11764705882354,20.941176470588236
651,449.2000000000004,20.933333333333334
652,449.39999999999975,37.15
653,457.4117647058827,41.64705882352941
654,458.4285714285713,26.666666666666668
655,453.2857142857149,26.761904761904763
656,467.74999999999966,27.0
657,467.31578947368337,31.105263157894736
658,468.6666666666667,12.666666666666666
659,476.3999999999995,24.6
660,474.4761904761905,17.80952380952381
661,463.0555555555554,29.5
662,479.83333333333417,42.333333333333336
663,484.5,11.5
664,489.5263157894737,22.63157894736842
665,488.05882352941177,15.941176470588236
666,491.5,12.0
667,495.3,14.05
668,497.7,27.1
669,498.9999999999994,41.05882352941177
670,4.562499999999517,36.0
671,4.352941176470025,21.941176470588236
672,10.789473684210916,27.94736842105263
673,7.7500000000004885,44.7
674,8.666666666667107,35.857142857142854
675,18.350000000000552,29.9
676,15.833333333333563,34.22222222222222
677,21.74999999999979,36.7
678,32.045454545453566,51.5
679,28.666666666666348,39.714285714285715
680,35.7777777777774,22.166666666666668
681,37.36363636363592,45.5
682,46.571428571428996,39.80952380952381
683,53.68421052631505,33.63157894736842
684,42.09523809523726,40.095238095238095
685,46.449999999999854,51.35
686,47.49999999999971,17.363636363636363
687,44.899999999999395,29.15
688,47.78947368421094,26.36842105263158
689,55.333333333333925,43.55555555555556
690,66.2380952380955,38.857142857142854
691,67.47619047619048,43.333333333333336
692,70.42857142857116,27.80952380952381
693,75.87500000000045,26.5
694,74.47619047619033,30.714285714285715
695,71.49999999999959,33.666666666666664
696,81.95238095238062,14.904761904761905
697,80.78947368421007,25.157894736842106
698,78.52941176470644,22.0
699,96.82352941176516,26.11764705882353
700,98.86666666666729,28.6
701,95.93750000000011,17.6875
702,98.13636363636374,45.68181818181818
703,105.38888888888862,9.166666666666666
704,104.70588235294113,29.647058823529413
705,108.50000000000018,34.9
706,118.10000000000043,41.85
707,115.77777777777825,25.11111111111111
708,123.74999999999957,26.1
709,128.09523809523847,36.095238095238095
710,125.80000000000007,14.7
711,123.11764705882351,30.176470588235293
712,130.94736842105294,30.736842105263158
713,137.95238095238196,26.761904761904763
714,128.74999999999994,19.9375
715,141.6666666666672,39.095238095238095
716,141.50000000000003,14.5
717,141.45000000000007,26.45
718,146.00000000000026,13.0
719,150.99999999999963,43.23529411764706
720,158.4117647058819,26.941176470588236
721,151.7058823529413,37.705882352941174
722,161.38888888888903,45.333333333333336
723,164.1739130434787,60.30434782608695
724,171.71428571428578,15.285714285714286
725,164.05555555555645,25.055555555555557
726,171.26315789473736,43.89473684210526
727,172.40000000000038,39.75
728,180.23809523809663,44.38095238095238
729,184.57142857142796,22.523809523809526
730,180.10000000000022,38.45
731,193.52380952380958,33.76190476190476
732,194.52631578947373,44.36842105263158
733,194.9999999999997,24.5
734,197.21428571428532,36.0
735,198.49999999999994,41.3
736,201.20000000000064,29.8
737,200.57142857142904,50.42857142857143
738,209.04999999999978,22.35
739,208.29999999999941,27.8
740,211.11111111111134,32.22222222222222
741,213.04761904761878,25.0
742,223.15000000000018,45.4
743,230.05263157894737,37.73684210526316
744,226.7777777777773,17.5
745,231.11111111111092,41.94444444444444
746,238.14285714285728,46.523809523809526
747,237.21052631578908,29.63157894736842
748,238.93749999999997,23.6875
749,250.00000000000068,41.0
750,249.73684210526292,30.105263157894736
751,250.31250000000085,34.25
752,249.95833333333317,50.458333333333336
753,259.05000000000035,38.35
754,255.19999999999973,18.7
755,258.55000000000024,44.05
756,260.85714285714283,30.333333333333332
757,264.09523809523773,28.61904761904762
758,266.14999999999884,47.3
759,271.2857142857144,16.428571428571427
760,270.63636363636357,21.90909090909091
761,282.46666666666596,20.2
762,281.1875000000017,40.3125
763,283.6249999999999,15.625
764,286.29411764705895,31.11764705882353
765,283.84999999999957,36.55
766,289.89473684210463,26.210526315789473
767,293.375,13.5625
768,296.19047619047615,31.142857142857142
769,304.17647058823513,23.0
770,301.29999999999956,38.3
771,306.74999999999926,36.05
772,313.68749999999955,31.8125
773,309.60000000000076,32.8
774,320.66666666666623,34.22222222222222
775,325.5789473684215,19.57894736842105
776,323.25,13.0
777,325.15,36.8
778,331.76190476190453,41.333333333333336
779,321.4210526315782,41.21052631578947
780,336.761904761905,39.0
781,337.70000000000084,31.7
782,346.3809523809531,41.714285714285715
783,337.33333333333337,21.0
784,347.2105263157892,32.63157894736842
785,355.50000000000006,48.18181818181818
786,350.0526315789468,29.42105263157895
787,360.21739130434776,49.869565217391305
788,353.999999999999,30.235294117647058
789,365.1739130434781,46.30434782608695
790,366.35000000000065,43.1
791,366.23809523809484,16.666666666666668
792,371.63636363636346,35.90909090909091
793,378.2857142857143,36.857142857142854
794,379.1052631578952,21.05263157894737
795,386.8500000000011,35.95
796,384.5500000000008,25.25
797,388.6470588235276,39.35294117647059
798,393.21052631578885,40.89473684210526
799,396.27777777777794,26.77777777777778
800,395.55000000000064,52.55
801,394.7500000000012,46.7
802,401.09523809523773,33.0
803,400.93749999999966,17.5
804,404.5,15.5
805,404.8823529411763,30.41176470588235
806,411.9499999999988,38.0
807,417.95238095238096,49.857142857142854
808,424.57142857142685,58.904761904761905
809,419.8500000000008,42.45
810,426.64999999999964,46.15
811,426.611111111111,31.555555555555557
812,441.50000000000006,40.22222222222222
813,436.7058823529416,26.705882352941178
814,435.49999999999926,15.5
815,435.82608695652203,49.69565217391305
816,443.294117647059,29.0
817,442.90476190476227,16.61904761904762
818,445.8000000000002,18.8
819,449.15789473684146,44.36842105263158
820,459.24999999999943,38.05
821,466.89473684210515,22.842105263157894
822,451.99999999999966,14.11111111111111
823,461.94736842105226,40.421052631578945
824,464.57894736842104,34.94736842105263
825,478.2999999999996,28.6
826,473.0000000000003,21.157894736842106
827,487.5294117647061,30.058823529411764
828,480.0,15.5
829,478.85000000000053,37.75
830,493.89473684210526,28.263157894736842
831,484.3181818181818,32.86363636363637
832,489.1111111111111,26.944444444444443
833,496.1578947368421,31.894736842105264
834,495.95,38.6
835,495.88235294117646,45.0
836,5.7894736842110515,41.73684210526316
837,2.0476190476194565,44.80952380952381
838,6.049999999999608,59.8
839,7.3333333333337904,49.857142857142854
840,11.29166666666715,40.125
841,14.650000000000357,30.35
842,15.999999999999613,37.65
843,23.045454545454128,49.45454545454545
844,28.304347826086186,53.47826086956522
845,33.636363636363406,36.59090909090909
846,29.85714285714263,43.904761904761905
847,37.09523809523718,49.857142857142854
848,27.761904761904734,34.61904761904762
849,33.549999999999336,61.15
850,39.909090909090054,38.31818181818182
851,44.69999999999985,21.6
852,50.65000000000032,39.55
853,50.00000000000222,17.0
854,54.77777777777848,39.5
855,55.76190476190387,48.285714285714285
856,63.50000000000003,32.5
857,59.34999999999904,47.2
858,64.18181818181768,45.68181818181818
859,70.84210526315917,45.31578947368421
860,72.18181818181749,21.454545454545453
861,71.63157894736882,53.68421052631579
862,75.11111111111005,44.833333333333336
863,75.555555555555,34.388888888888886
864,85.42105263157933,39.31578947368421
865,85.04761904761953,23.047619047619047
866,89.62500000000006,36.375
867,92.84210526315735,49.63157894736842
868,100.63157894736811,33.526315789473685
869,98.99999999999997,20.0
870,102.80000000000068,21.45
871,108.00000000000009,44.095238095238095
872,103.00000000000021,39.78947368421053
873,109.73684210526272,51.31578947368421
874,112.84999999999991,40.95
875,116.66666666666629,32.27777777777778
876,118.05882352941306,27.941176470588236
877,129.38095238095264,42.76190476190476
878,125.63157894736784,33.473684210526315
879,130.30000000000035,38.85
880,131.05263157894746,25.0
881,147.28571428571354,38.714285714285715
882,133.05882352941265,34.529411764705884
883,135.10526315789545,29.842105263157894
884,140.15789473684217,32.473684210526315
885,156.9999999999997,48.166666666666664
886,150.60869565217408,52.30434782608695
887,157.94736842105272,35.63157894736842
888,157.0588235294108,39.94117647058823
889,161.45000000000027,34.7
890,167.99999999999963,24.0
891,169.5555555555559,34.55555555555556
892,173.6,27.7
893,177.94999999999968,31.7
894,163.40000000000072,50.4
895,169.94736842105252,50.578947368421055
896,183.23529411764662,41.35294117647059
897,184.45454545454524,48.09090909090909
898,188.7777777777782,40.22222222222222
899,185.74999999999983,40.15
900,193.00000000000108,40.0
901,190.47368421052605,46.26315789473684
902,198.052631578947,62.21052631578947
903,197.7777777777779,47.05555555555556
904,204.49999999999926,32.7
905,207.94444444444483,35.77777777777778
906,216.66666666666626,26.166666666666668
907,221.71428571428456,31.523809523809526
908,218.00000000000009,15.0
909,227.52941176470546,34.470588235294116
910,226.0526315789478,28.94736842105263
911,225.79166666666683,41.208333333333336
912,229.66666666666706,53.333333333333336
913,242.15789473684114,38.31578947368421
914,237.33333333333317,19.166666666666668
915,235.17391304347834,48.17391304347826
916,248.1363636363635,36.63636363636363
917,240.33333333333374,32.333333333333336
918,242.74999999999972,44.0
919,256.94999999999885,48.3
920,262.1428571428568,65.85714285714286
921,257.8181818181822,65.95454545454545
922,262.13043478260823,51.0
923,262.63636363636374,43.81818181818182
924,267.2307692307693,56.38461538461539
925,263.88235294117646,39.8235294117647
926,268.8421052631564,29.263157894736842
927,270.0000000000006,48.94444444444444
928,274.4500000000006,36.05
929,280.8333333333338,49.05555555555556
930,284.8947368421054,49.21052631578947
931,272.2857142857144,40.142857142857146
932,283.72727272727224,42.22727272727273
933,290.26315789473836,21.94736842105263
934,286.49999999999784,34.3125
935,300.09999999999934,29.8
936,295.5294117647055,35.529411764705884
937,306.6666666666667,44.95238095238095
938,309.9444444444432,41.888888888888886
939,311.35000000000065,37.35
940,315.23529411764815,37.588235294117645
941,314.84210526315746,26.894736842105264
942,319.40000000000106,19.3
943,324.0,15.5
944,316.72222222222297,41.77777777777778
945,319.23529411764713,30.176470588235293
946,327.4705882352966,34.0
947,337.1000000000001,48.3
948,340.7777777777786,41.0
949,340.5454545454549,18.727272727272727
950,343.105263157895,32.31578947368421
951,346.4999999999991,20.5
952,344.30000000000166,36.35
953,348.1176470588238,24.470588235294116
954,356.5000000000003,24.5
955,351.3749999999994,36.458333333333336
956,360.70833333333286,55.416666666666664
957,365.5789473684202,32.73684210526316
958,372.84210526315854,20.894736842105264
959,373.86956521739097,50.56521739130435
960,370.7142857142869,40.76190476190476
961,374.09999999999997,43.6
962,382.95238095238136,40.476190476190474
963,378.69565217391334,32.65217391304348
964,383.99999999999983,51.22727272727273
965,390.79999999999905,44.6
966,397.47368421052613,36.1578947368421
967,393.7407407407393,64.4074074074074
968,398.99999999999983,46.666666666666664
969,393.76470588235236,22.294117647058822
970,408.56521739130466,41.95652173913044
971,406.454545454545,47.0
972,406.0000000000005,22.5
973,407.842105263158,29.31578947368421
974,415.58823529411757,39.529411764705884
975,417.3684210526306,39.0
976,416.99999999999955,52.5
977,429.45000000000016,55.6
978,421.8260869565224,50.30434782608695
979,428.3999999999987,17.95
980,432.5238095238097,42.857142857142854
981,436.052631578947,44.473684210526315
982,435.941176470588,38.8235294117647
983,444.30000000000047,49.55
984,448.1499999999987,61.15
985,449.14285714285677,29.571428571428573
986,454.1500000000002,38.95
987,455.64999999999964,45.55
988,456.3333333333331,31.166666666666668
989,459.05882352941154,18.0
990,463.0,16.5
991,467.21739130434764,40.69565217391305
992,469.9999999999993,42.61904761904762
993,472.6111111111107,36.5
994,474.20833333333275,41.083333333333336
995,479.7000000000004,53.0
996,482.88235294117607,29.294117647058822
997,484.9230769230769,19.307692307692307
998,485.54545454545456,53.45454545454545
999,490.25,38.2
1000,491.63157894736844,33.0
1001,490.4,48.95
1002,1.2000000000000681,55.25
1003,5.739130434782844,52.17391304347826
1004,10.521739130435678,58.82608695652174
1005,12.500000000000995,45.3125
1006,11.947368421052383,51.63157894736842
1007,16.047619047619076,50.80952380952381
1008,15.700000000000074,23.6
1009,17.777777777777438,46.05555555555556
1010,22.000000000000114,18.0
1011,19.173913043478304,42.130434782608695
1012,25.79999999999946,43.05
1013,28.85000000000037,30.75
1014,33.857142857142776,28.428571428571427
1015,33.388888888889674,56.166666666666664
1016,38.34782608695583,56.608695652173914
1017,43.00000000000017,47.73913043478261
1018,42.79999999999883,55.35
1019,50.49999999999903,30.681818181818183
1020,51.760000000000225,23.44
1021,55.428571428571395,20.714285714285715
1022,63.043478260869506,50.04347826086956
1023,57.31250000000085,35.4375
1024,63.00000000000122,26.307692307692307
1025,62.31578947368408,55.8421052631579
1026,67.81818181818068,54.22727272727273
1027,68.99999999999861,61.65
1028,77.19999999999932,39.7
1029,81.10526315789515,39.0
1030,80.10526315789522,47.1578947368421
1031,90.28571428571442,44.04761904761905
1032,80.17647058823522,44.1764705882353
1033,86.72222222222288,45.44444444444444
1034,94.52631578947528,43.73684210526316
1035,101.23076923076822,42.15384615384615
1036,96.59090909090901,36.68181818181818
1037,102.68421052631528,26.789473684210527
1038,103.761904761905,47.95238095238095
1039,108.8181818181823,58.72727272727273
1040,109.38095238095255,30.38095238095238
1041,113.31818181818204,49.31818181818182
1042,114.66666666666718,46.285714285714285
1043,122.95238095238065,37.80952380952381
1044,119.86363636363602,47.90909090909091
1045,123.3499999999992,43.95
1046,128.00000000000023,26.0
1047,134.5789473684207,42.1578947368421
1048,134.0000000000009,22.5
1049,137.74999999999994,36.1
1050,137.8181818181814,42.0
1051,147.52631578947307,52.1578947368421
1052,153.85000000000028,45.35
1053,146.66666666666595,43.5
1054,153.0999999999993,53.2
1055,160.54545454545365,59.0
1056,159.82608695652206,53.17391304347826
1057,157.33333333333294,58.095238095238095
1058,167.71428571428612,48.04761904761905
1059,164.29411764705907,42.588235294117645
1060,167.05000000000064,38.45
1061,176.50000000000045,41.45
1062,175.30000000000058,47.55
1063,175.652173913043,52.08695652173913
1064,180.76470588235313,51.8235294117647
1065,189.89473684210566,50.0
1066,194.99999999999903,55.45
1067,197.14999999999932,53.3
1068,198.94444444444292,69.11111111111111
1069,201.7000000000004,35.15
1070,205.30000000000018,43.4
1071,212.05263157894788,37.89473684210526
1072,203.6111111111118,40.77777777777778
1073,212.1666666666669,41.833333333333336
1074,216.6190476190474,38.19047619047619
1075,220.81818181818247,40.0
1076,219.44000000000054,45.68
1077,227.2727272727272,52.09090909090909
1078,221.19047619047572,51.61904761904762
1079,231.30769230769207,60.80769230769231
1080,227.3809523809517,47.142857142857146
1081,234.0434782608704,52.869565217391305
1082,243.87499999999923,50.791666666666664
1083,242.5000000000001,22.625
1084,245.4500000000009,44.85
1085,250.07692307692216,44.57692307692308
1086,238.3000000000001,39.95
1087,254.5714285714293,51.38095238095238
1088,260.19047619047535,57.476190476190474
1089,260.36363636363683,23.545454545454547
1090,264.12499999999926,60.25
1091,268.92592592592496,61.96296296296296
1092,267.61904761904833,37.523809523809526
1093,271.095238095238,31.428571428571427
1094,276.85000000000025,45.05
1095,272.00000000000193,45.0
1096,280.57142857142844,24.714285714285715
1097,282.7647058823508,45.470588235294116
1098,274.8,29.7
1099,291.68749999999955,37.9375
1100,297.76470588235253,38.8235294117647
1101,293.2631578947379,43.05263157894737
1102,287.99999999999926,42.5
1103,304.29411764706043,39.64705882352941
1104,298.8947368421049,44.78947368421053
1105,307.49999999999966,23.0
1106,312.0000000000001,21.0
1107,316.38888888888994,33.55555555555556
1108,319.0,24.5
1109,323.2777777777778,24.72222222222222
1110,325.2857142857141,31.19047619047619
1111,327.55000000000126,39.6
1112,335.73684210526335,42.8421052631579
1113,330.44444444444457,22.22222222222222
1114,331.3333333333346,34.72222222222222
1115,336.3529411764713,36.05882352941177
1116,341.80000000000024,45.35
1117,341.9545454545458,51.86363636363637
1118,345.30434782608626,47.608695652173914
1119,349.3181818181831,50.09090909090909
1120,351.3333333333333,23.0
1121,369.40000000000344,48.3
1122,352.9000000000004,45.3
1123,355.8181818181821,57.36363636363637
1124,361.8333333333331,36.44444444444444
1125,366.1578947368419,23.63157894736842
1126,367.227272727274,36.59090909090909
1127,372.6363636363639,24.545454545454547
1128,377.7142857142849,49.285714285714285
1129,377.2916666666674,27.416666666666668
1130,378.23809523809496,52.95238095238095
1131,383.1666666666671,45.833333333333336
1132,387.31578947368433,49.10526315789474
1133,388.35000000000036,56.75
1134,391.35000000000053,51.85
1135,394.0909090909092,59.0
1136,400.7142857142856,26.785714285714285
1137,403.05555555555685,38.22222222222222
1138,398.7727272727265,39.68181818181818
1139,403.3999999999999,42.9
1140,412.55555555555554,45.888888888888886
1141,410.68421052631476,34.31578947368421
1142,416.14285714285637,68.5
1143,423.87499999999926,52.333333333333336
1144,428.2,24.8
1145,432.27777777777675,37.833333333333336
1146,429.0909090909079,41.22727272727273
1147,430.08695652173895,50.43478260869565
1148,438.0000000000004,28.5
1149,439.6521739130444,46.43478260869565
1150,448.85000000000053,49.65
1151,444.57142857142816,41.61904761904762
1152,453.4736842105274,50.89473684210526
1153,446.2666666666673,36.46666666666667
1154,450.23809523809473,66.33333333333333
1155,451.2857142857142,57.57142857142857
1156,460.0,22.5
1157,462.73684210526307,23.05263157894737
1158,460.3684210526324,33.1578947368421
1159,471.9,25.8
1160,468.61904761904674,35.666666666666664
1161,474.19047619047603,46.095238095238095
1162,483.3636363636364,46.13636363636363
1163,480.1499999999993,47.95
1164,484.90909090909093,39.72727272727273
1165,493.2,50.7
1166,491.0,18.5
1167,498.94444444444446,50.166666666666664
1168,490.57142857142856,42.285714285714285
1169,486.95238095238096,44.95238095238095
1170,76.26315789473547,8.105263157894736
1171,133.91304347826045,22.434782608695652
1172,410.37499999999943,44.5
1173,185.8499999999995,35.15
1174,103.84210526315795,11.894736842105264
1175,457.0,24.0
1176,244.99999999999926,28.4
1177,391.8421052631582,61.1578947368421
1178,232.99999999999943,62.64705882352941
1179,25.692307692307075,26.076923076923077
1180,297.9545454545455,8.409090909090908
1181,143.26666666666722,38.733333333333334
1182,93.4210526315791,41.473684210526315
1183,419.7142857142857,8.142857142857142
1184,167.9999999999996,24.0
1185,405.00000000000114,15.157894736842104
1186,41.11764705882439,15.294117647058824
1187,427.7142857142857,18.0
1188,258.49999999999994,15.0
1189,223.68421052631473,50.36842105263158
1190,346.63157894736815,29.57894736842105
1191,448.8571428571426,29.571428571428573
1192,211.05263157894694,13.68421052631579
1193,440.9444444444449,18.11111111111111
1194,58.1333333333332,27.266666666666666
1195,37.10526315789516,38.78947368421053
1196,52.000000000000036,23.0
1197,262.3333333333333,48.72222222222222
1198,69.70588235294073,49.0
1199,89.10000000000034,33.7
1200,460.0,7.0
1201,318.94736842105203,12.736842105263158
1202,198.05263157894697,56.89473684210526
1203,283.47368421052647,15.894736842105264
1204,117.55555555555601,48.94444444444444
1205,269.11111111111194,67.44444444444444
1206,154.00000000000077,3.0
1207,477.07142857142907,49.857142857142854
1208,196.99999999999943,67.75
1209,435.63157894736764,16.105263157894736
1210,411.3888888888892,30.22222222222222
1211,237.4444444444448,19.833333333333332
1212,23.66666666666679,2.6666666666666665
1213,304.24999999999847,10.833333333333334
1214,152.23076923076917,57.38461538461539
1215,364.28571428571377,36.714285714285715
1216,459.4000000000002,7.35
1217,460.00000000000034,22.95
1218,76.90476190476254,40.142857142857146
1219,263.52380952381037,57.523809523809526
1220,491.5,12.0
1221,49.681818181818045,21.09090909090909
1222,140.5000000000004,43.55555555555556
1223,472.35999999999973,27.04
1224,35.68750000000051,16.1875
1225,232.61904761904728,50.61904761904762
1226,273.99999999999994,12.5
1227,239.9999999999983,22.0
1228,121.52380952381012,36.42857142857143
1229,399.0454545454541,45.63636363636363
1230,372.6956521739129,24.347826086956523
1231,485.09090909090907,19.5
1232,171.36842105263156,48.0
1233,240.56249999999946,12.625
1234,85.94736842105232,43.473684210526315
1235,207.83333333333235,41.55555555555556
1236,95.99999999999989,17.5
1237,31.499999999999517,60.9375
1238,455.3529411764708,17.058823529411764
1239,382.6363636363625,25.318181818181817
1240,405.3499999999993,38.15
1241,242.23809523809607,22.523809523809526
1242,21.888888888888474,18.5
1243,216.4782608695655,36.391304347826086
1244,25.782608695651057,38.26086956521739
1245,57.09523809523766,34.523809523809526
1246,83.12499999999999,11.0
1247,231.2352941176466,18.58823529411765
1248,218.4000000000005,52.46666666666667
1249,32.74999999999976,33.35
1250,423.66666666666606,37.22222222222222
1251,370.09090909090895,20.09090909090909
1252,200.76923076923126,70.92307692307692
1253,2.8499999999995795,53.4
1254,334.99999999999955,11.166666666666666
1256,207.35294117647018,7.588235294117647
1257,433.21428571428663,53.285714285714285
1258,246.49999999999991,17.5
1259,164.33333333333414,12.944444444444445
1260,339.11764705882257,31.705882352941178
1261,70.727272727272,42.54545454545455
1262,78.2666666666672,31.8
1263,298.0,8.5
1264,416.57894736842104,20.105263157894736
1265,319.04999999999967,24.55
1266,85.00000000000024,23.5
1267,138.99999999999994,8.5
1268,313.00000000000153,12.444444444444445
1269,44.50000000000049,54.611111111111114
1270,55.30000000000009,21.4
1271,111.2105263157899,47.526315789473685
1272,436.63157894736736,3.473684210526316
1273,421.7142857142852,58.857142857142854
1274,12.647058823529264,19.41176470588235
1275,334.5294117647045,24.470588235294116
1276,146.3000000000004,15.25
1277,70.06666666666719,58.8
1278,280.33333333333246,10.11111111111111
1279,420.44444444444474,48.666666666666664
1280,61.26666666666675,20.933333333333334
1281,162.9999999999989,39.78947368421053
1282,300.36842105263094,35.21052631578947
1283,340.66666666666634,19.416666666666668
1284,258.6470588235277,56.05882352941177
1285,44.60000000000028,21.88
1286,308.0,15.5
1287,97.59999999999964,33.95
1288,201.92857142857082,40.5
1289,415.9999999999999,26.923076923076923
1290,382.8571428571413,53.80952380952381
1291,5.529411764705339,26.529411764705884
1292,176.21052631578837,27.473684210526315
1293,426.4,1.4
1294,411.1428571428565,18.428571428571427
1295,52.68181818181932,6.636363636363637
1296,318.7058823529404,5.470588235294118
1297,8.352941176470988,57.8235294117647
1298,377.5714285714287,27.285714285714285
1299,101.17391304347902,41.91304347826087
1300,93.25000000000013,28.166666666666668
1301,69.5384615384609,33.61538461538461
1302,150.66666666666646,10.666666666666666
1303,340.50000000000034,10.5
1304,35.57894736842199,54.73684210526316
1305,438.3333333333333,10.666666666666666
1306,157.99999999999932,62.27272727272727
1307,163.1874999999996,29.375
1308,125.8888888888894,14.61111111111111
1309,10.899999999999073,47.1
1310,348.79999999999995,16.8
1311,193.56521739130486,4.826086956521739
1312,382.38095238095207,38.23809523809524
1313,289.09090909090946,16.59090909090909
1314,68.42857142857085,65.07142857142857
1316,102.8333333333331,21.0
1317,255.09999999999883,45.6
1318,400.82608695652175,26.869565217391305
1319,288.3500000000011,39.3
1320,363.40000000000026,52.25
1321,40.54545454545494,50.81818181818182
1322,150.87499999999955,25.0625
1323,154.68421052631558,53.36842105263158
1324,473.05882352941137,8.235294117647058
1325,446.5714285714284,49.80952380952381
1326,463.6428571428577,40.214285714285715
1327,38.61111111111154,60.77777777777778
1328,135.15000000000015,35.5
1329,197.18181818181856,35.68181818181818
1330,83.2857142857137,38.57142857142857
1331,29.428571428571473,30.714285714285715
1332,65.35000000000025,10.0
1333,483.6499999999998,39.05
1334,18.625000000001336,49.6875
1335,405.9999999999994,23.142857142857142
1336,331.83333333333263,33.333333333333336
1337,478.14285714285717,2.4285714285714284
1338,159.11111111110992,33.05555555555556
1339,127.99999999999953,26.5
1340,184.63636363636346,20.727272727272727
1341,9.538461538462084,64.23076923076923
1342,184.0,11.0
1343,59.09999999999991,43.6
1344,189.88235294117612,29.58823529411765
1345,234.25000000000014,34.95
1346,188.57894736842223,45.526315789473685
1347,251.25000000000045,53.625
1348,114.3157894736835,34.10526315789474
1349,451.4375000000002,24.6875
1350,180.72727272727334,32.04545454545455
1351,165.84615384615486,44.84615384615385
1352,356.454545454547,44.54545454545455
1353,412.4166666666665,74.41666666666667
1354,440.3000000000005,44.2
1355,414.7692307692299,76.76923076923077
1356,170.20000000000053,38.0
1357,367.05555555555605,13.555555555555555
1358,96.42105263157936,47.78947368421053
1359,272.04545454545416,27.545454545454547
1360,109.84210526315691,39.21052631578947
1361,368.136363636364,32.63636363636363
1362,252.47058823529454,29.58823529411765
1363,90.9047619047615,12.19047619047619
1364,443.8823529411761,37.35294117647059
1365,287.0000000000006,29.823529411764707
1366,463.8181818181818,20.59090909090909
1367,43.33333333333339,14.666666666666666
1368,393.38888888889005,38.888888888888886
1369,452.1538461538456,63.61538461538461
1370,279.0999999999996,34.15
1371,479.95238095238096,16.19047619047619
1372,120.35714285714191,31.142857142857142
1373,358.46666666666556,60.333333333333336
1374,143.28571428571277,7.571428571428571
1375,90.50000000000003,50.0
1376,175.9523809523801,38.19047619047619
1377,33.666666666666664,26.666666666666668
1378,494.54545454545456,37.86363636363637
1379,428.7499999999999,8.85
1380,492.8888888888889,5.722222222222222
1381,432.77777777777834,47.94444444444444
1382,374.7499999999998,11.625
1383,484.5,11.5
1384,417.5000000000004,33.083333333333336
1385,2.2083333333330963,41.041666666666664
1386,12.944444444444056,56.44444444444444
1387,443.94999999999953,5.4
1388,269.9523809523802,55.857142857142854
1389,395.3333333333319,19.533333333333335
1390,428.77272727272685,36.81818181818182
1391,495.3333333333333,14.166666666666666
1393,38.565217391304465,29.043478260869566
1394,148.94736842105254,45.89473684210526
1395,446.4000000000007,34.0
1396,223.38461538461507,15.76923076923077
1397,15.6521739130438,23.391304347826086
1398,246.5416666666671,43.25
1399,190.6666666666676,37.733333333333334
1400,232.33333333333363,28.166666666666668
1401,254.80952380952428,19.238095238095237
1402,256.3333333333325,65.86666666666666
1403,99.0476190476195,20.238095238095237
1404,483.06249999999955,54.375
1405,390.4500000000015,49.65
1406,226.25000000000054,27.4
1407,417.9999999999998,60.78260869565217
1408,108.15789473684256,55.526315789473685
1409,67.39999999999947,18.0
1410,170.10526315789502,6.578947368421052
1411,243.61904761904702,34.57142857142857
1412,201.95238095238042,48.333333333333336
1413,373.7391304347821,41.391304347826086
1414,310.86666666666844,5.933333333333334
1415,216.49999999999955,29.4375
1416,344.6999999999999,40.35
1418,303.18750000000136,44.0
1419,374.2857142857143,14.714285714285714
1420,65.82352941176406,53.0
1421,427.538461538461,60.23076923076923
1422,392.33333333333286,68.83333333333333
1423,447.85714285714414,67.35714285714286
1424,443.0,16.0
1425,267.10526315789275,45.21052631578947
1426,21.04166666666625,35.5
1427,163.8095238095239,53.23809523809524
1428,158.66666666666654,21.666666666666668
1429,350.4999999999997,47.36363636363637
1430,330.44444444444537,22.055555555555557
1431,182.833333333333,51.111111111111114
1432,377.263157894735,46.578947368421055
1433,282.11111111111234,52.55555555555556
1434,491.5416666666667,20.791666666666668
1435,154.95,38.8
1436,141.45000000000064,15.15
1437,366.0,23.0
1438,125.76470588235085,42.294117647058826
1439,359.8,6.6
1440,410.2,24.8
1441,360.3684210526309,40.421052631578945
1442,265.57142857142804,34.57142857142857
1443,156.94444444444466,20.944444444444443
1444,366.55555555555577,26.555555555555557
1445,307.63999999999976,24.64
1446,456.38461538461524,31.115384615384617
1447,449.52941176470586,55.05882352941177
1448,319.8333333333335,19.333333333333332
1449,82.57142857142877,15.714285714285714
1450,30.999999999999684,21.555555555555557
1451,309.99999999999915,39.88235294117647
1452,344.7058823529401,53.05882352941177
1453,193.90909090909125,52.27272727272727
1454,386.47826086956366,45.56521739130435
1455,450.31249999999966,17.375
1456,481.9166666666667,7.25
1457,238.99999999999977,8.5
1458,423.20000000000016,7.0
1459,397.611111111111,8.277777777777779
1461,165.66666666666595,63.666666666666664
1462,403.70588235294224,7.470588235294118
1464,432.6666666666667,2.8333333333333335
1465,153.3571428571433,28.571428571428573
1466,396.9444444444441,62.05555555555556
1467,122.7368421052633,7.421052631578948
1468,374.3684210526315,4.2105263157894735
1469,358.58823529411916,14.823529411764707
1470,217.91666666666708,15.958333333333334
1471,134.78947368421018,11.421052631578947
1472,494.6190476190476,49.095238095238095
1473,356.434782608696,25.217391304347824
1474,453.11764705882297,45.411764705882355
1475,280.388888888889,25.0
1476,352.84210526315684,33.8421052631579
1477,414.95652173913066,46.73913043478261
1478,162.35000000000008,5.1
1479,265.4444444444452,66.16666666666667
1480,312.5499999999996,20.85
1481,106.64285714285663,46.285714285714285
1482,104.82352941176521,34.1764705882353
1483,26.866666666667175,59.4
1484,270.68421052631476,39.10526315789474
1485,234.47826086956593,44.65217391304348
1486,323.50000000000017,11.0
1487,355.57142857142867,55.04761904761905
1488,445.6842105263156,19.263157894736842
1489,337.5909090909092,47.45454545454545
1490,60.470588235293704,53.705882352941174
1491,378.5714285714287,15.428571428571429
1492,476.8181818181818,40.31818181818182
1493,266.23809523809507,5.571428571428571
1494,63.499999999999524,32.5
1495,426.14285714285677,51.95238095238095
1496,240.84210526315712,49.8421052631579
1497,133.43478260869514,5.3478260869565215
1498,435.0000000000002,26.375
1499,6.7058823529407405,34.76470588235294
1500,207.8421052631583,33.05263157894737
1502,50.349999999999355,36.75
1503,174.1578947368427,19.36842105263158
1504,423.05555555555566,28.11111111111111
1505,374.2777777777757,54.333333333333336
1506,184.00000000000048,11.090909090909092
1507,0.7647058823533976,26.88235294117647
1508,271.26315789473756,16.36842105263158
1509,225.90000000000015,38.15
1510,348.25,11.25
1511,487.42857142857144,49.38095238095238
1512,476.6315789473682,10.210526315789474
1513,158.6315789473686,44.78947368421053
1514,102.49999999999993,4.5
1515,95.73684210526302,8.210526315789474
1516,428.21739130434844,24.82608695652174
1517,117.5882352941181,17.705882352941178
1518,197.56521739130463,13.043478260869565
1519,460.0,16.5
1520,256.33333333333144,4.944444444444445
1521,260.37500000000017,23.458333333333332
1522,358.9999999999996,10.0
1523,26.4,7.8
1524,437.9583333333332,28.916666666666668
1525,161.99999999999952,61.0625
1526,81.88888888888931,22.38888888888889
1527,178.1176470588231,51.1764705882353
1528,72.26086956521736,22.304347826086957
1529,444.46153846153817,27.53846153846154
1530,323.93749999999966,15.8125
1531,44.88888888888737,41.5
1532,276.8181818181801,42.54545454545455
1533,361.7142857142853,25.571428571428573
1534,302.23529411764747,18.529411764705884
1535,18.50000000000017,10.0
1536,347.9411764705891,15.470588235294118
1538,391.4615384615396,56.38461538461539
1539,487.09090909090907,7.636363636363637
1540,498.4000000000007,47.266666666666666
1542,102.39999999999995,27.2
1543,262.31578947368325,11.263157894736842
1544,468.65,12.55
1545,328.3125000000001,9.3125
1546,450.8,40.0
1547,14.352941176469004,41.470588235294116
1548,351.3500000000001,22.65
1549,33.0624999999998,45.8125
1550,228.49999999999827,58.416666666666664
1551,86.50000000000011,27.25
1552,295.6500000000008,41.55
1553,47.04347826086925,9.304347826086957
1554,260.588235294119,68.05882352941177
1555,399.6842105263165,15.105263157894736
1556,28.571428571429664,50.38095238095238
1557,109.5833333333323,62.0
1558,254.73913043478234,36.47826086956522
1559,128.3157894736838,10.473684210526315
