Contact Energy,Chemotaxis Lambda,Proliferative Probability,Invasive Area,Infiltrative Area,Single Defects,Fingers,Detached Cells,Clusters
-5.0,0.0,0.0,2479,2479,0,0,0,0
-5.0,0.0,0.1,2347,2347,0,0,0,0
-5.0,0.0,0.2,2470,2470,0,0,0,0
-5.0,0.0,0.3,2299,2299,0,0,0,0
-5.0,0.0,0.4,2171,2171,0,0,0,0
-5.0,0.0,0.5,2686,2686,0,0,0,0
-5.0,0.0,0.6,2230,2230,0,0,0,0
-5.0,0.0,0.7,2689,2689,0,0,0,0
-5.0,0.0,0.8,2356,2356,0,0,0,0
-5.0,0.0,0.9,2202,2202,0,0,0,0
-5.0,0.0,1.0,2363,2363,0,0,0,0
-5.0,3.0,0.0,2360,2360,0,0,0,0
-5.0,3.0,0.1,2826,2826,0,0,0,0
-5.0,3.0,0.2,2284,2284,0,0,0,0
-5.0,3.0,0.3,2613,2613,0,0,0,0
-5.0,3.0,0.4,2136,2136,0,0,0,0
-5.0,3.0,0.5,2276,2276,0,0,0,0
-5.0,3.0,0.6,2507,2507,0,0,0,0
-5.0,3.0,0.7,2564,2564,0,0,0,0
-5.0,3.0,0.8,2092,2092,0,0,0,0
-5.0,3.0,0.9,2367,2367,0,0,0,0
-5.0,3.0,1.0,1940,1940,0,0,0,0
-5.0,6.0,0.0,2674,2674,0,0,0,0
-5.0,6.0,0.1,2490,2490,0,0,0,0
-5.0,6.0,0.2,2406,2406,0,0,0,0
-5.0,6.0,0.3,2492,2492,0,0,0,0
-5.0,6.0,0.4,2461,2461,0,0,0,0
-5.0,6.0,0.5,2744,2744,0,0,0,0
-5.0,6.0,0.6,2243,2243,0,0,0,0
-5.0,6.0,0.7,2415,2415,0,0,0,0
-5.0,6.0,0.8,2378,2378,0,0,0,0
-5.0,6.0,0.9,2666,2666,0,0,0,0
-5.0,6.0,1.0,2479,2479,0,0,0,0
-5.0,9.0,0.0,2635,2635,0,0,0,0
-5.0,9.0,0.1,2479,2479,0,0,0,0
-5.0,9.0,0.2,2160,2160,0,0,0,0
-5.0,9.0,0.3,2303,2303,0,0,0,0
-5.0,9.0,0.4,2351,2351,0,0,0,0
-5.0,9.0,0.5,2492,2492,0,0,0,0
-5.0,9.0,0.6,2528,2528,0,0,0,0
-5.0,9.0,0.7,2253,2253,0,0,0,0
-5.0,9.0,0.8,2473,2473,0,0,0,0
-5.0,9.0,0.9,2455,2455,0,0,0,0
-5.0,9.0,1.0,2448,2448,0,0,0,0
-5.0,12.0,0.0,2905,2905,0,0,0,0
-5.0,12.0,0.1,2492,2492,0,0,0,0
-5.0,12.0,0.2,2352,2352,0,0,0,0
-5.0,12.0,0.3,2639,2639,0,1,0,0
-5.0,12.0,0.4,2373,2373,0,0,0,0
-5.0,12.0,0.5,2477,2477,0,0,0,0
-5.0,12.0,0.6,2566,2566,0,0,0,0
-5.0,12.0,0.7,2428,2428,0,0,0,0
-5.0,12.0,0.8,2364,2364,0,0,0,0
-5.0,12.0,0.9,2196,2196,0,0,0,0
-5.0,12.0,1.0,2453,2453,0,0,0,0
-5.0,15.0,0.0,2671,2671,0,1,0,0
-5.0,15.0,0.1,2767,2767,0,1,0,0
-5.0,15.0,0.2,2519,2519,0,0,0,0
-5.0,15.0,0.3,2921,2921,0,1,0,0
-5.0,15.0,0.4,2759,2759,0,0,0,0
-5.0,15.0,0.5,2778,2778,0,1,0,0
-5.0,15.0,0.6,2822,2822,0,1,0,0
-5.0,15.0,0.7,2574,2574,0,1,0,0
-5.0,15.0,0.8,2770,2770,0,1,0,0
-5.0,15.0,0.9,2594,2594,0,1,0,0
-5.0,15.0,1.0,2647,2647,0,1,0,0
-5.0,18.0,0.0,3391,3391,0,1,0,0
-5.0,18.0,0.1,2945,2945,0,1,0,0
-5.0,18.0,0.2,3144,3144,0,2,0,0
-5.0,18.0,0.3,3294,3294,0,1,0,0
-5.0,18.0,0.4,2675,2675,0,1,0,0
-5.0,18.0,0.5,3070,3070,0,1,0,0
-5.0,18.0,0.6,2874,2874,0,1,0,0
-5.0,18.0,0.7,3168,3168,0,2,0,0
-5.0,18.0,0.8,2864,2864,0,1,0,0
-5.0,18.0,0.9,3024,3024,0,1,0,0
-5.0,18.0,1.0,2837,2837,0,2,0,0
-5.0,21.0,0.0,3605,3605,0,3,0,0
-5.0,21.0,0.1,3746,3746,0,4,0,0
-5.0,21.0,0.2,3514,3514,0,3,0,0
-5.0,21.0,0.3,3724,3761,0,2,0,0
-5.0,21.0,0.4,3407,3407,0,2,0,0
-5.0,21.0,0.5,3981,3981,0,2,0,0
-5.0,21.0,0.6,3827,3827,0,2,0,0
-5.0,21.0,0.7,3554,3554,0,3,0,0
-5.0,21.0,0.8,3394,3394,0,3,0,0
-5.0,21.0,0.9,3495,3495,0,2,0,0
-5.0,21.0,1.0,3692,3692,0,3,0,0
-5.0,24.0,0.0,4757,4757,0,5,0,0
-5.0,24.0,0.1,4687,4687,0,4,0,0
-5.0,24.0,0.2,4313,4313,0,4,0,0
-5.0,24.0,0.3,4754,4754,0,4,0,0
-5.0,24.0,0.4,4331,4331,0,4,0,0
-5.0,24.0,0.5,4283,4283,0,4,0,0
-5.0,24.0,0.6,4445,4445,0,4,0,0
-5.0,24.0,0.7,4490,4490,0,3,0,0
-5.0,24.0,0.8,4267,4267,0,4,0,0
-5.0,24.0,0.9,3977,3977,0,5,0,0
-5.0,24.0,1.0,4423,4423,0,4,0,0
-5.0,27.0,0.0,5513,5513,0,7,0,0
-5.0,27.0,0.1,5131,5158,0,6,0,0
-5.0,27.0,0.2,5230,5249,0,7,0,0
-5.0,27.0,0.3,5021,5021,0,7,0,0
-5.0,27.0,0.4,4735,4735,0,6,0,0
-5.0,27.0,0.5,5598,5610,0,7,0,0
-5.0,27.0,0.6,4686,4754,0,6,0,0
-5.0,27.0,0.7,4949,4955,0,6,0,0
-5.0,27.0,0.8,4703,4703,0,6,0,0
-5.0,27.0,0.9,5057,5057,0,6,0,0
-5.0,27.0,1.0,5032,5032,0,6,0,0
-5.0,30.0,0.0,6643,6760,0,9,1,0
-5.0,30.0,0.1,6509,6630,0,10,1,0
-5.0,30.0,0.2,6725,6807,0,8,1,0
-5.0,30.0,0.3,6714,6743,0,9,1,0
-5.0,30.0,0.4,6572,6614,0,9,0,0
-5.0,30.0,0.5,6066,6168,0,8,1,0
-5.0,30.0,0.6,6095,6224,0,8,1,0
-5.0,30.0,0.7,6200,6276,0,9,1,0
-5.0,30.0,0.8,5920,6017,0,8,1,0
-5.0,30.0,0.9,5948,5989,0,8,1,0
-5.0,30.0,1.0,5696,5806,0,8,2,0
-4.0,0.0,0.0,2710,2710,0,0,0,0
-4.0,0.0,0.1,2625,2625,0,0,0,0
-4.0,0.0,0.2,2456,2456,0,0,0,0
-4.0,0.0,0.3,2579,2579,0,0,0,0
-4.0,0.0,0.4,2440,2440,0,0,0,0
-4.0,0.0,0.5,2193,2193,0,0,0,0
-4.0,0.0,0.6,2572,2572,0,0,0,0
-4.0,0.0,0.7,2512,2512,0,0,0,0
-4.0,0.0,0.8,2488,2488,0,0,0,0
-4.0,0.0,0.9,2777,2777,0,0,0,0
-4.0,0.0,1.0,2490,2490,0,0,0,0
-4.0,3.0,0.0,2855,2855,0,0,0,0
-4.0,3.0,0.1,2412,2412,0,0,0,0
-4.0,3.0,0.2,2270,2270,0,0,0,0
-4.0,3.0,0.3,2630,2630,0,0,0,0
-4.0,3.0,0.4,2220,2220,0,0,0,0
-4.0,3.0,0.5,2293,2293,0,0,0,0
-4.0,3.0,0.6,2647,2647,0,0,0,0
-4.0,3.0,0.7,2424,2424,0,0,0,0
-4.0,3.0,0.8,2325,2325,0,0,0,0
-4.0,3.0,0.9,2333,2333,0,0,0,0
-4.0,3.0,1.0,2279,2279,0,0,0,0
-4.0,6.0,0.0,2478,2478,0,0,0,0
-4.0,6.0,0.1,2544,2544,0,0,0,0
-4.0,6.0,0.2,2191,2191,0,1,0,0
-4.0,6.0,0.3,2284,2284,0,0,0,0
-4.0,6.0,0.4,2642,2642,0,0,0,0
-4.0,6.0,0.5,2545,2545,0,0,0,0
-4.0,6.0,0.6,2645,2645,0,0,0,0
-4.0,6.0,0.7,2527,2527,0,0,0,0
-4.0,6.0,0.8,2575,2575,0,0,0,0
-4.0,6.0,0.9,2344,2344,0,0,0,0
-4.0,6.0,1.0,2278,2278,0,0,0,0
-4.0,9.0,0.0,2456,2456,0,0,0,0
-4.0,9.0,0.1,2585,2585,0,0,0,0
-4.0,9.0,0.2,2884,2884,0,0,0,0
-4.0,9.0,0.3,2804,2804,0,0,0,0
-4.0,9.0,0.4,2539,2539,0,0,0,0
-4.0,9.0,0.5,2513,2513,0,0,0,0
-4.0,9.0,0.6,2770,2770,0,0,0,0
-4.0,9.0,0.7,2805,2805,0,0,0,0
-4.0,9.0,0.8,2333,2333,0,0,0,0
-4.0,9.0,0.9,2661,2661,0,0,0,0
-4.0,9.0,1.0,2589,2589,0,0,0,0
-4.0,12.0,0.0,3142,3142,0,0,0,0
-4.0,12.0,0.1,2829,2829,0,1,0,0
-4.0,12.0,0.2,2870,2870,0,1,0,0
-4.0,12.0,0.3,2809,2809,0,1,0,0
-4.0,12.0,0.4,2993,2993,0,0,0,0
-4.0,12.0,0.5,2585,2585,0,0,0,0
-4.0,12.0,0.6,2694,2694,0,1,0,0
-4.0,12.0,0.7,3057,3057,0,1,0,0
-4.0,12.0,0.8,2740,2740,0,1,0,0
-4.0,12.0,0.9,2678,2701,0,1,0,0
-4.0,12.0,1.0,2680,2680,0,1,0,0
-4.0,15.0,0.0,3256,3256,0,2,0,0
-4.0,15.0,0.1,2922,2922,0,1,0,0
-4.0,15.0,0.2,3315,3315,0,2,0,0
-4.0,15.0,0.3,3181,3181,0,1,0,0
-4.0,15.0,0.4,3222,3222,0,2,0,0
-4.0,15.0,0.5,3045,3045,0,1,0,0
-4.0,15.0,0.6,3372,3372,0,2,0,0
-4.0,15.0,0.7,3049,3049,0,1,0,0
-4.0,15.0,0.8,2817,2817,0,2,0,0
-4.0,15.0,0.9,3172,3172,0,1,0,0
-4.0,15.0,1.0,3138,3138,0,2,0,0
-4.0,18.0,0.0,3804,3804,0,4,0,0
-4.0,18.0,0.1,3844,3844,0,4,0,0
-4.0,18.0,0.2,3892,3892,0,3,0,0
-4.0,18.0,0.3,4240,4240,0,3,0,0
-4.0,18.0,0.4,4137,4176,0,3,0,0
-4.0,18.0,0.5,4002,4002,0,2,0,0
-4.0,18.0,0.6,4059,4059,0,3,0,0
-4.0,18.0,0.7,4162,4162,0,3,0,0
-4.0,18.0,0.8,4000,4000,0,3,0,0
-4.0,18.0,0.9,4049,4049,0,3,0,0
-4.0,18.0,1.0,3779,3779,0,3,0,0
-4.0,21.0,0.0,4905,4905,0,4,0,0
-4.0,21.0,0.1,5621,5621,0,5,0,0
-4.0,21.0,0.2,5569,5569,0,5,0,0
-4.0,21.0,0.3,5213,5213,0,5,0,0
-4.0,21.0,0.4,4786,4786,0,6,0,0
-4.0,21.0,0.5,4976,4976,0,5,0,0
-4.0,21.0,0.6,5315,5315,0,5,0,0
-4.0,21.0,0.7,4629,4629,0,4,0,0
-4.0,21.0,0.8,5232,5232,0,4,0,0
-4.0,21.0,0.9,4667,4667,0,5,0,0
-4.0,21.0,1.0,4635,4635,0,4,0,0
-4.0,24.0,0.0,6625,6637,0,7,0,0
-4.0,24.0,0.1,6704,6721,0,8,0,0
-4.0,24.0,0.2,6350,6350,0,8,0,0
-4.0,24.0,0.3,5971,5997,0,8,0,0
-4.0,24.0,0.4,6992,6992,0,8,0,0
-4.0,24.0,0.5,6078,6119,0,6,0,0
-4.0,24.0,0.6,6754,6754,0,8,0,0
-4.0,24.0,0.7,5834,5887,0,8,0,0
-4.0,24.0,0.8,6117,6120,0,7,0,0
-4.0,24.0,0.9,6071,6088,0,8,0,0
-4.0,24.0,1.0,5946,5946,0,6,0,0
-4.0,27.0,0.0,9103,9255,1,10,1,0
-4.0,27.0,0.1,8504,8610,0,10,1,0
-4.0,27.0,0.2,8280,8311,0,11,0,0
-4.0,27.0,0.3,7438,7606,1,9,2,0
-4.0,27.0,0.4,7967,8028,0,10,1,0
-4.0,27.0,0.5,8029,8256,1,10,2,0
-4.0,27.0,0.6,7437,7592,1,10,1,0
-4.0,27.0,0.7,7613,7732,1,10,1,0
-4.0,27.0,0.8,7235,7367,1,9,1,0
-4.0,27.0,0.9,7690,7765,0,10,1,0
-4.0,27.0,1.0,7083,7162,0,9,2,0
-4.0,30.0,0.0,9804,10148,2,12,4,1
-4.0,30.0,0.1,9694,10295,3,12,6,1
-4.0,30.0,0.2,10064,10498,2,12,5,1
-4.0,30.0,0.3,9743,10197,2,12,4,1
-4.0,30.0,0.4,8948,9368,2,11,4,0
-4.0,30.0,0.5,9586,10031,2,12,4,1
-4.0,30.0,0.6,9559,10145,3,11,6,1
-4.0,30.0,0.7,9748,10269,2,12,5,1
-4.0,30.0,0.8,8566,8983,2,11,4,0
-4.0,30.0,0.9,8865,9571,3,11,7,1
-4.0,30.0,1.0,9212,9658,2,11,5,1
-3.0,0.0,0.0,2326,2326,0,0,0,0
-3.0,0.0,0.1,2262,2262,0,0,0,0
-3.0,0.0,0.2,2448,2448,0,0,0,0
-3.0,0.0,0.3,2607,2607,0,0,0,0
-3.0,0.0,0.4,2416,2416,0,0,0,0
-3.0,0.0,0.5,2206,2206,0,0,0,0
-3.0,0.0,0.6,2231,2231,0,0,0,0
-3.0,0.0,0.7,2305,2305,0,0,0,0
-3.0,0.0,0.8,2158,2158,0,0,0,0
-3.0,0.0,0.9,2043,2043,0,0,0,0
-3.0,0.0,1.0,2125,2125,0,0,0,0
-3.0,3.0,0.0,2478,2478,0,0,0,0
-3.0,3.0,0.1,2330,2330,0,0,0,0
-3.0,3.0,0.2,2246,2246,0,0,0,0
-3.0,3.0,0.3,2146,2146,0,0,0,0
-3.0,3.0,0.4,2176,2176,0,0,0,0
-3.0,3.0,0.5,2267,2267,0,0,0,0
-3.0,3.0,0.6,2325,2325,0,0,0,0
-3.0,3.0,0.7,2183,2183,0,0,0,0
-3.0,3.0,0.8,2433,2433,0,0,0,0
-3.0,3.0,0.9,2440,2440,0,0,0,0
-3.0,3.0,1.0,2200,2200,0,0,0,0
-3.0,6.0,0.0,2459,2459,0,0,0,0
-3.0,6.0,0.1,2510,2510,0,0,0,0
-3.0,6.0,0.2,2562,2562,0,0,0,0
-3.0,6.0,0.3,2431,2431,0,0,0,0
-3.0,6.0,0.4,2647,2647,0,0,0,0
-3.0,6.0,0.5,2261,2261,0,0,0,0
-3.0,6.0,0.6,2528,2528,0,0,0,0
-3.0,6.0,0.7,2419,2419,0,0,0,0
-3.0,6.0,0.8,2278,2278,0,0,0,0
-3.0,6.0,0.9,2235,2235,0,0,0,0
-3.0,6.0,1.0,2467,2467,0,0,0,0
-3.0,9.0,0.0,2867,2867,0,0,0,0
-3.0,9.0,0.1,2749,2749,0,1,0,0
-3.0,9.0,0.2,2930,2930,0,0,0,0
-3.0,9.0,0.3,3002,3002,0,0,0,0
-3.0,9.0,0.4,2690,2690,0,1,0,0
-3.0,9.0,0.5,2896,2896,0,0,0,0
-3.0,9.0,0.6,2588,2588,0,0,0,0
-3.0,9.0,0.7,2892,2892,0,0,0,0
-3.0,9.0,0.8,2653,2653,0,0,0,0
-3.0,9.0,0.9,2580,2580,0,0,0,0
-3.0,9.0,1.0,2894,2894,0,1,0,0
-3.0,12.0,0.0,3265,3265,0,2,0,0
-3.0,12.0,0.1,3188,3188,0,1,0,0
-3.0,12.0,0.2,3040,3040,0,1,0,0
-3.0,12.0,0.3,3308,3308,0,2,0,0
-3.0,12.0,0.4,3227,3227,0,1,0,0
-3.0,12.0,0.5,3038,3038,0,1,0,0
-3.0,12.0,0.6,3031,3031,0,2,0,0
-3.0,12.0,0.7,3234,3234,0,2,0,0
-3.0,12.0,0.8,3451,3451,0,2,0,0
-3.0,12.0,0.9,3264,3264,0,2,0,0
-3.0,12.0,1.0,2923,2923,0,1,0,0
-3.0,15.0,0.0,3872,3872,0,3,0,0
-3.0,15.0,0.1,4694,4694,0,3,0,0
-3.0,15.0,0.2,3782,3782,0,3,0,0
-3.0,15.0,0.3,3834,3834,0,3,0,0
-3.0,15.0,0.4,4127,4127,0,3,0,0
-3.0,15.0,0.5,4162,4162,0,3,0,0
-3.0,15.0,0.6,3970,3970,0,3,0,0
-3.0,15.0,0.7,4411,4411,0,2,0,0
-3.0,15.0,0.8,3648,3648,0,3,0,0
-3.0,15.0,0.9,3881,3881,0,3,0,0
-3.0,15.0,1.0,4228,4228,0,3,0,0
-3.0,18.0,0.0,5738,5738,0,6,0,0
-3.0,18.0,0.1,5910,5910,0,5,0,0
-3.0,18.0,0.2,5481,5481,0,5,0,0
-3.0,18.0,0.3,4793,4793,0,5,0,0
-3.0,18.0,0.4,5828,5828,0,5,0,0
-3.0,18.0,0.5,5480,5480,0,5,0,0
-3.0,18.0,0.6,5219,5219,0,5,0,0
-3.0,18.0,0.7,5312,5312,0,6,0,0
-3.0,18.0,0.8,5642,5642,0,4,0,0
-3.0,18.0,0.9,4854,4854,0,4,0,0
-3.0,18.0,1.0,5003,5003,0,6,0,0
-3.0,21.0,0.0,7378,7420,0,8,0,0
-3.0,21.0,0.1,7689,7689,0,8,0,0
-3.0,21.0,0.2,7541,7592,0,8,0,0
-3.0,21.0,0.3,7716,7724,0,7,0,0
-3.0,21.0,0.4,8340,8356,0,8,0,0
-3.0,21.0,0.5,7080,7080,0,8,0,0
-3.0,21.0,0.6,6921,6921,0,8,0,0
-3.0,21.0,0.7,6793,6809,0,7,0,0
-3.0,21.0,0.8,7865,7899,0,8,0,0
-3.0,21.0,0.9,6457,6457,0,7,0,0
-3.0,21.0,1.0,7254,7254,0,7,0,0
-3.0,24.0,0.0,11196,11389,1,10,2,0
-3.0,24.0,0.1,10160,10266,1,11,1,0
-3.0,24.0,0.2,9501,9616,1,10,1,0
-3.0,24.0,0.3,9878,9960,1,10,1,0
-3.0,24.0,0.4,9642,9751,1,10,1,0
-3.0,24.0,0.5,9724,9796,0,10,1,0
-3.0,24.0,0.6,10378,10461,1,10,1,0
-3.0,24.0,0.7,9003,9050,0,10,0,0
-3.0,24.0,0.8,8780,8964,1,10,2,0
-3.0,24.0,0.9,9045,9212,1,9,1,0
-3.0,24.0,1.0,8284,8425,1,10,1,0
-3.0,27.0,0.0,14524,15206,4,12,5,0
-3.0,27.0,0.1,12684,13245,4,12,4,0
-3.0,27.0,0.2,12174,12810,4,11,6,1
-3.0,27.0,0.3,11902,12581,4,11,5,0
-3.0,27.0,0.4,11619,12296,4,13,6,0
-3.0,27.0,0.5,12144,12576,3,12,4,0
-3.0,27.0,0.6,12496,13064,4,11,4,0
-3.0,27.0,0.7,11340,12062,4,12,6,1
-3.0,27.0,0.8,10663,11281,3,12,6,1
-3.0,27.0,0.9,11127,11755,4,12,5,1
-3.0,27.0,1.0,11107,11811,3,12,6,1
-3.0,30.0,0.0,16737,18202,9,13,13,1
-3.0,30.0,0.1,16095,17684,9,12,15,1
-3.0,30.0,0.2,15650,17551,11,12,15,1
-3.0,30.0,0.3,14203,16098,11,11,17,2
-3.0,30.0,0.4,14334,15902,8,13,13,1
-3.0,30.0,0.5,14336,15812,8,13,15,2
-3.0,30.0,0.6,13936,15509,8,12,14,1
-3.0,30.0,0.7,13258,15142,9,13,17,2
-3.0,30.0,0.8,13056,14773,8,14,17,2
-3.0,30.0,0.9,13931,15706,8,13,15,2
-3.0,30.0,1.0,11980,13520,9,13,13,1
-2.0,0.0,0.0,2171,2171,0,0,0,0
-2.0,0.0,0.1,2149,2149,0,0,0,0
-2.0,0.0,0.2,1968,1968,0,0,0,0
-2.0,0.0,0.3,2096,2096,0,0,0,0
-2.0,0.0,0.4,2229,2229,0,0,0,0
-2.0,0.0,0.5,2046,2046,0,0,0,0
-2.0,0.0,0.6,2198,2198,0,0,0,0
-2.0,0.0,0.7,2200,2200,0,0,0,0
-2.0,0.0,0.8,1935,1935,0,0,0,0
-2.0,0.0,0.9,2180,2180,0,0,0,0
-2.0,0.0,1.0,2164,2164,0,0,0,0
-2.0,3.0,0.0,2231,2231,0,0,0,0
-2.0,3.0,0.1,1992,1992,0,0,0,0
-2.0,3.0,0.2,2206,2206,0,0,0,0
-2.0,3.0,0.3,2126,2126,0,0,0,0
-2.0,3.0,0.4,2014,2014,0,0,0,0
-2.0,3.0,0.5,2075,2075,0,0,0,0
-2.0,3.0,0.6,2188,2188,0,0,0,0
-2.0,3.0,0.7,2228,2228,0,0,0,0
-2.0,3.0,0.8,2101,2101,0,0,0,0
-2.0,3.0,0.9,2170,2170,0,0,0,0
-2.0,3.0,1.0,1977,1977,0,0,0,0
-2.0,6.0,0.0,2288,2303,0,0,0,0
-2.0,6.0,0.1,2419,2419,0,0,0,0
-2.0,6.0,0.2,2343,2343,0,0,0,0
-2.0,6.0,0.3,2551,2551,0,0,0,0
-2.0,6.0,0.4,2389,2389,0,0,0,0
-2.0,6.0,0.5,2155,2155,0,0,0,0
-2.0,6.0,0.6,2566,2566,0,0,0,0
-2.0,6.0,0.7,2233,2233,0,0,0,0
-2.0,6.0,0.8,2447,2447,0,1,0,0
-2.0,6.0,0.9,2438,2438,0,0,0,0
-2.0,6.0,1.0,2358,2358,0,0,0,0
-2.0,9.0,0.0,2968,2968,0,1,0,0
-2.0,9.0,0.1,3027,3027,0,1,0,0
-2.0,9.0,0.2,2856,2856,0,1,0,0
-2.0,9.0,0.3,3061,3061,0,1,0,0
-2.0,9.0,0.4,3182,3182,0,1,0,0
-2.0,9.0,0.5,2795,2795,0,1,0,0
-2.0,9.0,0.6,3183,3183,0,1,0,0
-2.0,9.0,0.7,3180,3180,0,1,0,0
-2.0,9.0,0.8,3104,3128,0,1,0,0
-2.0,9.0,0.9,3194,3194,0,1,0,0
-2.0,9.0,1.0,2753,2753,0,0,0,0
-2.0,12.0,0.0,3956,3956,0,2,0,0
-2.0,12.0,0.1,3834,3834,0,2,0,0
-2.0,12.0,0.2,3773,3773,0,2,0,0
-2.0,12.0,0.3,3690,3690,0,2,0,0
-2.0,12.0,0.4,3624,3624,0,3,0,0
-2.0,12.0,0.5,3848,3848,0,2,0,0
-2.0,12.0,0.6,4036,4036,0,3,0,0
-2.0,12.0,0.7,4324,4324,0,3,0,0
-2.0,12.0,0.8,3724,3724,0,2,0,0
-2.0,12.0,0.9,4163,4163,0,3,0,0
-2.0,12.0,1.0,3975,3975,0,4,0,0
-2.0,15.0,0.0,5409,5409,0,4,0,0
-2.0,15.0,0.1,5289,5289,0,5,0,0
-2.0,15.0,0.2,5779,5779,0,5,0,0
-2.0,15.0,0.3,5607,5607,0,5,0,0
-2.0,15.0,0.4,5537,5570,0,4,0,0
-2.0,15.0,0.5,4897,4897,0,4,0,0
-2.0,15.0,0.6,5435,5435,0,5,0,0
-2.0,15.0,0.7,5072,5072,0,4,0,0
-2.0,15.0,0.8,5432,5443,0,5,0,0
-2.0,15.0,0.9,5023,5023,0,6,0,0
-2.0,15.0,1.0,5019,5019,0,4,0,0
-2.0,18.0,0.0,8170,8205,0,7,0,0
-2.0,18.0,0.1,9679,9694,0,8,0,0
-2.0,18.0,0.2,8435,8451,0,7,0,0
-2.0,18.0,0.3,8079,8097,0,7,0,0
-2.0,18.0,0.4,7365,7406,0,7,0,0
-2.0,18.0,0.5,8282,8287,0,7,0,0
-2.0,18.0,0.6,7630,7668,0,8,0,0
-2.0,18.0,0.7,6671,6692,0,7,0,0
-2.0,18.0,0.8,7244,7249,0,7,0,0
-2.0,18.0,0.9,7862,7871,0,7,0,0
-2.0,18.0,1.0,7051,7070,0,7,0,0
-2.0,21.0,0.0,11748,12045,2,9,2,0
-2.0,21.0,0.1,12418,12660,2,10,2,0
-2.0,21.0,0.2,11956,12207,2,10,2,0
-2.0,21.0,0.3,11408,11586,2,9,2,0
-2.0,21.0,0.4,10128,10394,2,10,2,0
-2.0,21.0,0.5,9073,9242,1,10,2,0
-2.0,21.0,0.6,10461,10685,2,10,2,0
-2.0,21.0,0.7,11246,11348,1,10,1,0
-2.0,21.0,0.8,10254,10415,1,10,1,0
-2.0,21.0,0.9,10346,10435,1,9,1,0
-2.0,21.0,1.0,9036,9182,1,10,1,0
-2.0,24.0,0.0,17236,18654,10,12,11,0
-2.0,24.0,0.1,16646,17762,8,12,9,0
-2.0,24.0,0.2,14883,15915,7,12,8,0
-2.0,24.0,0.3,12561,13470,7,12,8,0
-2.0,24.0,0.4,14289,15413,7,12,10,1
-2.0,24.0,0.5,13226,14355,7,12,8,0
-2.0,24.0,0.6,14627,15175,5,12,6,0
-2.0,24.0,0.7,13178,13935,5,11,6,0
-2.0,24.0,0.8,13207,13984,5,11,6,0
-2.0,24.0,0.9,12803,13454,5,12,6,0
-2.0,24.0,1.0,12670,13630,6,11,7,0
-2.0,27.0,0.0,19603,22572,19,13,25,2
-2.0,27.0,0.1,17822,20438,17,13,18,0
-2.0,27.0,0.2,17622,20364,18,13,23,1
-2.0,27.0,0.3,17493,19589,14,13,17,1
-2.0,27.0,0.4,18491,20860,15,13,20,2
-2.0,27.0,0.5,16758,19137,13,13,20,2
-2.0,27.0,0.6,17142,19419,14,12,19,2
-2.0,27.0,0.7,16249,18402,13,12,21,2
-2.0,27.0,0.8,15296,17578,14,13,17,1
-2.0,27.0,0.9,16134,18041,12,14,15,1
-2.0,27.0,1.0,14885,17079,13,13,19,2
-2.0,30.0,0.0,21253,26499,31,13,43,2
-2.0,30.0,0.1,21126,26187,28,13,40,3
-2.0,30.0,0.2,19808,24696,30,13,41,3
-2.0,30.0,0.3,19692,24854,28,13,42,3
-2.0,30.0,0.4,18798,23038,24,13,35,2
-2.0,30.0,0.5,19463,24024,26,13,35,2
-2.0,30.0,0.6,18639,23084,28,14,34,2
-2.0,30.0,0.7,18776,23049,24,14,33,2
-2.0,30.0,0.8,17462,22334,26,13,42,4
-2.0,30.0,0.9,17004,21448,25,13,36,2
-2.0,30.0,1.0,15608,20090,24,13,38,3
-1.0,0.0,0.0,1826,1826,0,0,0,0
-1.0,0.0,0.1,1766,1766,0,0,0,0
-1.0,0.0,0.2,1754,1754,0,0,0,0
-1.0,0.0,0.3,1914,1914,0,0,0,0
-1.0,0.0,0.4,1954,1954,0,0,0,0
-1.0,0.0,0.5,1953,1953,0,0,0,0
-1.0,0.0,0.6,1931,1931,0,0,0,0
-1.0,0.0,0.7,1952,1952,0,0,0,0
-1.0,0.0,0.8,1962,1962,0,0,0,0
-1.0,0.0,0.9,1837,1837,0,0,0,0
-1.0,0.0,1.0,1783,1783,0,0,0,0
-1.0,3.0,0.0,2047,2047,0,0,0,0
-1.0,3.0,0.1,2206,2206,0,0,0,0
-1.0,3.0,0.2,2119,2119,0,0,0,0
-1.0,3.0,0.3,2234,2234,0,0,0,0
-1.0,3.0,0.4,2138,2138,0,0,0,0
-1.0,3.0,0.5,2265,2265,0,0,0,0
-1.0,3.0,0.6,2030,2030,0,0,0,0
-1.0,3.0,0.7,1895,1895,0,0,0,0
-1.0,3.0,0.8,2260,2260,0,0,0,0
-1.0,3.0,0.9,1822,1822,0,0,0,0
-1.0,3.0,1.0,2060,2060,0,0,0,0
-1.0,6.0,0.0,2562,2562,0,0,0,0
-1.0,6.0,0.1,2760,2760,0,0,0,0
-1.0,6.0,0.2,2883,2883,0,0,0,0
-1.0,6.0,0.3,2766,2766,0,0,0,0
-1.0,6.0,0.4,2455,2455,0,0,0,0
-1.0,6.0,0.5,2686,2686,0,1,0,0
-1.0,6.0,0.6,2466,2466,0,0,0,0
-1.0,6.0,0.7,2643,2643,0,1,0,0
-1.0,6.0,0.8,2674,2674,0,0,0,0
-1.0,6.0,0.9,2658,2658,0,0,0,0
-1.0,6.0,1.0,2647,2647,0,0,0,0
-1.0,9.0,0.0,3262,3262,0,2,0,0
-1.0,9.0,0.1,3826,3826,0,2,0,0
-1.0,9.0,0.2,3376,3376,0,2,0,0
-1.0,9.0,0.3,3282,3282,0,2,0,0
-1.0,9.0,0.4,3572,3572,0,2,0,0
-1.0,9.0,0.5,3653,3653,0,2,0,0
-1.0,9.0,0.6,3441,3441,0,1,0,0
-1.0,9.0,0.7,3716,3716,0,2,0,0
-1.0,9.0,0.8,3584,3584,0,2,0,0
-1.0,9.0,0.9,3854,3854,0,2,0,0
-1.0,9.0,1.0,3820,3820,0,2,0,0
-1.0,12.0,0.0,4729,4729,0,4,0,0
-1.0,12.0,0.1,4408,4417,0,4,0,0
-1.0,12.0,0.2,4432,4444,0,4,0,0
-1.0,12.0,0.3,5229,5229,0,4,0,0
-1.0,12.0,0.4,4993,5006,0,4,0,0
-1.0,12.0,0.5,4991,4991,0,4,0,0
-1.0,12.0,0.6,4694,4694,0,4,0,0
-1.0,12.0,0.7,5331,5339,0,4,0,0
-1.0,12.0,0.8,4636,4636,0,4,0,0
-1.0,12.0,0.9,4770,4770,0,5,0,0
-1.0,12.0,1.0,4367,4367,0,4,0,0
-1.0,15.0,0.0,6978,7052,1,6,1,0
-1.0,15.0,0.1,7067,7139,1,7,1,0
-1.0,15.0,0.2,7279,7331,1,7,1,0
-1.0,15.0,0.3,6997,7029,0,6,0,0
-1.0,15.0,0.4,7140,7170,0,6,0,0
-1.0,15.0,0.5,6479,6495,0,6,0,0
-1.0,15.0,0.6,6094,6198,1,6,1,0
-1.0,15.0,0.7,7326,7418,0,6,0,0
-1.0,15.0,0.8,6818,6846,0,6,0,0
-1.0,15.0,0.9,6808,6841,0,6,0,0
-1.0,15.0,1.0,6533,6576,0,6,0,0
-1.0,18.0,0.0,9196,9640,5,9,5,0
-1.0,18.0,0.1,12171,12761,4,9,4,0
-1.0,18.0,0.2,12127,12598,4,8,4,0
-1.0,18.0,0.3,12039,12503,4,8,4,0
-1.0,18.0,0.4,9684,10106,3,10,3,0
-1.0,18.0,0.5,10057,10529,4,8,4,0
-1.0,18.0,0.6,9211,9535,3,8,3,0
-1.0,18.0,0.7,11239,11643,3,9,3,0
-1.0,18.0,0.8,10300,10760,3,9,4,0
-1.0,18.0,0.9,10666,11034,3,9,3,0
-1.0,18.0,1.0,10147,10509,3,9,3,0
-1.0,21.0,0.0,13828,15400,13,11,14,0
-1.0,21.0,0.1,15246,17116,14,11,15,0
-1.0,21.0,0.2,15918,17785,14,11,15,0
-1.0,21.0,0.3,15779,17410,13,12,13,0
-1.0,21.0,0.4,16227,17785,12,11,13,0
-1.0,21.0,0.5,13865,15598,13,10,13,0
-1.0,21.0,0.6,13361,14888,12,11,14,0
-1.0,21.0,0.7,14394,15669,10,10,11,0
-1.0,21.0,0.8,15027,16617,12,10,14,0
-1.0,21.0,0.9,12450,13543,8,10,8,0
-1.0,21.0,1.0,12983,14160,9,12,10,0
-1.0,24.0,0.0,20225,24375,28,11,34,1
-1.0,24.0,0.1,19301,23781,31,12,35,1
-1.0,24.0,0.2,19651,23436,28,12,29,0
-1.0,24.0,0.3,20125,24188,28,13,35,2
-1.0,24.0,0.4,17519,21286,29,13,31,0
-1.0,24.0,0.5,17762,21015,24,13,25,0
-1.0,24.0,0.6,18326,22077,24,12,27,1
-1.0,24.0,0.7,18419,21505,23,12,25,0
-1.0,24.0,0.8,14340,17808,25,12,27,1
-1.0,24.0,0.9,15790,19277,23,13,27,1
-1.0,24.0,1.0,17212,20590,24,13,27,1
-1.0,27.0,0.0,21849,30191,53,12,64,2
-1.0,27.0,0.1,21812,29278,49,13,57,2
-1.0,27.0,0.2,20489,28250,48,13,58,2
-1.0,27.0,0.3,20813,28505,48,13,60,3
-1.0,27.0,0.4,21161,27668,44,14,52,2
-1.0,27.0,0.5,21284,27974,42,13,49,1
-1.0,27.0,0.6,17606,23833,42,13,51,2
-1.0,27.0,0.7,19384,25846,42,12,49,2
-1.0,27.0,0.8,17568,23823,41,13,47,2
-1.0,27.0,0.9,17653,23993,40,13,48,2
-1.0,27.0,1.0,18031,24452,39,13,49,2
-1.0,30.0,0.0,23579,35545,70,12,90,3
-1.0,30.0,0.1,22294,34361,69,13,92,5
-1.0,30.0,0.2,21991,33424,67,12,94,4
-1.0,30.0,0.3,21482,32726,66,13,89,4
-1.0,30.0,0.4,21496,31897,62,14,79,3
-1.0,30.0,0.5,21078,31049,61,13,79,4
-1.0,30.0,0.6,21200,31268,60,13,82,5
-1.0,30.0,0.7,20232,30736,65,14,82,4
-1.0,30.0,0.8,20477,30421,61,13,80,4
-1.0,30.0,0.9,20768,30384,55,13,77,4
-1.0,30.0,1.0,20379,30356,60,13,81,4
0.0,0.0,0.0,2046,2046,0,0,0,0
0.0,0.0,0.1,1835,1835,0,0,0,0
0.0,0.0,0.2,1716,1716,0,0,0,0
0.0,0.0,0.3,1765,1765,0,0,0,0
0.0,0.0,0.4,1856,1856,0,0,0,0
0.0,0.0,0.5,1909,1909,0,0,0,0
0.0,0.0,0.6,1927,1927,0,0,0,0
0.0,0.0,0.7,1734,1734,0,0,0,0
0.0,0.0,0.8,1855,1855,0,0,0,0
0.0,0.0,0.9,2049,2049,0,0,0,0
0.0,0.0,1.0,1867,1867,0,0,0,0
0.0,3.0,0.0,2242,2242,0,0,0,0
0.0,3.0,0.1,2263,2263,0,0,0,0
0.0,3.0,0.2,2261,2261,0,0,0,0
0.0,3.0,0.3,2245,2245,0,0,0,0
0.0,3.0,0.4,2198,2198,0,0,0,0
0.0,3.0,0.5,2145,2145,0,0,0,0
0.0,3.0,0.6,2335,2335,0,0,0,0
0.0,3.0,0.7,2207,2207,0,0,0,0
0.0,3.0,0.8,2183,2183,0,0,0,0
0.0,3.0,0.9,2351,2351,0,0,0,0
0.0,3.0,1.0,2227,2227,0,0,0,0
0.0,6.0,0.0,3390,3390,0,2,0,0
0.0,6.0,0.1,3218,3218,0,2,0,0
0.0,6.0,0.2,2725,2750,0,1,0,0
0.0,6.0,0.3,3421,3421,0,1,0,0
0.0,6.0,0.4,3020,3020,0,2,0,0
0.0,6.0,0.5,2913,2937,0,1,0,0
0.0,6.0,0.6,3037,3037,0,2,0,0
0.0,6.0,0.7,3093,3093,0,1,0,0
0.0,6.0,0.8,3284,3284,0,1,0,0
0.0,6.0,0.9,3274,3274,0,1,0,0
0.0,6.0,1.0,2791,2791,0,1,0,0
0.0,9.0,0.0,4597,4597,0,4,0,0
0.0,9.0,0.1,3899,3899,0,3,0,0
0.0,9.0,0.2,4249,4254,0,4,0,0
0.0,9.0,0.3,4145,4155,0,3,0,0
0.0,9.0,0.4,4179,4179,0,3,0,0
0.0,9.0,0.5,4182,4182,0,3,0,0
0.0,9.0,0.6,4340,4340,0,2,0,0
0.0,9.0,0.7,4399,4399,0,3,0,0
0.0,9.0,0.8,3807,3807,0,4,0,0
0.0,9.0,0.9,4509,4535,0,3,0,0
0.0,9.0,1.0,4680,4696,0,3,0,0
0.0,12.0,0.0,6404,6543,2,6,2,0
0.0,12.0,0.1,5893,5969,1,5,1,0
0.0,12.0,0.2,6361,6469,1,7,1,0
0.0,12.0,0.3,5586,5642,1,5,1,0
0.0,12.0,0.4,6554,6632,1,6,1,0
0.0,12.0,0.5,6146,6263,1,6,1,0
0.0,12.0,0.6,6071,6181,1,5,1,0
0.0,12.0,0.7,5480,5574,1,5,1,0
0.0,12.0,0.8,6467,6540,1,5,1,0
0.0,12.0,0.9,5523,5699,2,4,2,0
0.0,12.0,1.0,5779,5859,1,4,1,0
0.0,15.0,0.0,10606,11461,9,8,9,0
0.0,15.0,0.1,8958,9735,8,8,8,0
0.0,15.0,0.2,10644,11468,8,8,9,0
0.0,15.0,0.3,11288,12157,8,8,8,0
0.0,15.0,0.4,8951,9822,8,8,8,0
0.0,15.0,0.5,9032,9794,6,9,7,0
0.0,15.0,0.6,8436,9016,7,8,7,0
0.0,15.0,0.7,7494,8172,7,8,7,0
0.0,15.0,0.8,10166,10576,5,8,5,0
0.0,15.0,0.9,8412,8849,6,8,6,0
0.0,15.0,1.0,7140,7908,6,8,6,0
0.0,18.0,0.0,16503,20186,30,11,32,0
0.0,18.0,0.1,14790,17744,25,10,26,0
0.0,18.0,0.2,14998,17519,23,11,24,0
0.0,18.0,0.3,13929,16562,23,11,24,0
0.0,18.0,0.4,14938,17405,21,10,23,0
0.0,18.0,0.5,12578,15148,22,10,22,0
0.0,18.0,0.6,15323,17804,22,10,23,0
0.0,18.0,0.7,13382,15795,20,10,21,0
0.0,18.0,0.8,12711,15155,21,10,21,0
0.0,18.0,0.9,12200,14289,18,10,19,0
0.0,18.0,1.0,11854,14180,20,10,20,0
0.0,21.0,0.0,18133,25593,55,13,60,1
0.0,21.0,0.1,18526,24830,48,12,51,0
0.0,21.0,0.2,18834,25207,48,11,52,1
0.0,21.0,0.3,16947,23331,48,12,51,1
0.0,21.0,0.4,15216,21626,48,12,53,1
0.0,21.0,0.5,18206,23730,44,12,46,1
0.0,21.0,0.6,16217,22171,45,12,48,1
0.0,21.0,0.7,15325,20304,39,12,42,1
0.0,21.0,0.8,15786,21320,45,11,47,0
0.0,21.0,0.9,15865,20895,40,13,42,0
0.0,21.0,1.0,14344,19528,39,12,43,1
0.0,24.0,0.0,21063,32817,79,13,94,2
0.0,24.0,0.1,20365,32112,77,12,92,2
0.0,24.0,0.2,19771,30851,76,13,88,2
0.0,24.0,0.3,21104,31711,72,12,82,2
0.0,24.0,0.4,19879,29697,70,12,81,2
0.0,24.0,0.5,19338,28883,69,13,81,2
0.0,24.0,0.6,19967,28880,69,13,76,2
0.0,24.0,0.7,20240,28996,66,12,70,1
0.0,24.0,0.8,18157,27761,66,12,76,2
0.0,24.0,0.9,17958,27101,65,12,72,2
0.0,24.0,1.0,17410,26137,60,13,71,2
0.0,27.0,0.0,20342,37368,103,11,136,4
0.0,27.0,0.1,20591,36736,100,12,129,5
0.0,27.0,0.2,21530,36842,95,13,116,4
0.0,27.0,0.3,21592,37663,100,13,119,3
0.0,27.0,0.4,19901,34468,94,12,118,4
0.0,27.0,0.5,19986,34535,96,13,114,4
0.0,27.0,0.6,21176,35629,93,12,114,4
0.0,27.0,0.7,20675,34503,96,13,112,3
0.0,27.0,0.8,20426,33963,91,12,108,4
0.0,27.0,0.9,18256,31740,92,13,107,3
0.0,27.0,1.0,20817,34188,87,12,108,4
0.0,30.0,0.0,20516,43085,128,11,178,8
0.0,30.0,0.1,19797,41222,121,12,170,7
0.0,30.0,0.2,21646,40947,118,13,150,6
0.0,30.0,0.3,21582,41224,119,12,155,6
0.0,30.0,0.4,21014,40456,117,12,153,6
0.0,30.0,0.5,21219,39631,117,13,148,5
0.0,30.0,0.6,20732,39305,114,13,142,5
0.0,30.0,0.7,19013,37595,116,14,147,6
0.0,30.0,0.8,20530,38948,114,12,149,6
0.0,30.0,0.9,20362,38388,111,13,147,6
0.0,30.0,1.0,21645,39187,109,13,136,6
1.0,0.0,0.0,1737,1737,0,0,0,0
1.0,0.0,0.1,1868,1868,0,0,0,0
1.0,0.0,0.2,1945,1945,0,0,0,0
1.0,0.0,0.3,1852,1852,0,0,0,0
1.0,0.0,0.4,1858,1858,0,0,0,0
1.0,0.0,0.5,2005,2005,0,0,0,0
1.0,0.0,0.6,2023,2023,0,0,0,0
1.0,0.0,0.7,1888,1888,0,0,0,0
1.0,0.0,0.8,1946,1946,0,0,0,0
1.0,0.0,0.9,1773,1773,0,0,0,0
1.0,0.0,1.0,1741,1741,0,0,0,0
1.0,3.0,0.0,2313,2313,0,0,0,0
1.0,3.0,0.1,2619,2619,0,0,0,0
1.0,3.0,0.2,2663,2663,0,0,0,0
1.0,3.0,0.3,2501,2501,0,0,0,0
1.0,3.0,0.4,2321,2321,0,0,0,0
1.0,3.0,0.5,2349,2349,0,0,0,0
1.0,3.0,0.6,2618,2618,0,0,0,0
1.0,3.0,0.7,2435,2435,0,0,0,0
1.0,3.0,0.8,2171,2171,0,0,0,0
1.0,3.0,0.9,2604,2604,0,1,0,0
1.0,3.0,1.0,2225,2225,0,0,0,0
1.0,6.0,0.0,3572,3588,0,2,0,0
1.0,6.0,0.1,3484,3497,0,2,0,0
1.0,6.0,0.2,3217,3231,0,2,0,0
1.0,6.0,0.3,3728,3733,0,2,0,0
1.0,6.0,0.4,3476,3476,0,3,0,0
1.0,6.0,0.5,3119,3132,0,2,0,0
1.0,6.0,0.6,3359,3363,0,1,0,0
1.0,6.0,0.7,3110,3125,0,2,0,0
1.0,6.0,0.8,3543,3562,0,2,0,0
1.0,6.0,0.9,3483,3488,0,2,0,0
1.0,6.0,1.0,3429,3440,0,2,0,0
1.0,9.0,0.0,5085,5199,2,5,2,0
1.0,9.0,0.1,4831,4966,2,5,2,0
1.0,9.0,0.2,4967,5055,1,4,1,0
1.0,9.0,0.3,5220,5349,2,4,2,0
1.0,9.0,0.4,4807,4863,1,4,1,0
1.0,9.0,0.5,4966,5110,2,5,2,0
1.0,9.0,0.6,5382,5580,2,5,2,0
1.0,9.0,0.7,5165,5263,2,4,2,0
1.0,9.0,0.8,4988,5064,1,5,1,0
1.0,9.0,0.9,5039,5169,1,4,1,0
1.0,9.0,1.0,4525,4606,1,4,1,0
1.0,12.0,0.0,7789,9057,14,8,15,0
1.0,12.0,0.1,7079,8154,12,8,12,0
1.0,12.0,0.2,8485,9577,12,7,12,0
1.0,12.0,0.3,8048,8950,13,8,13,0
1.0,12.0,0.4,7225,8184,11,7,11,0
1.0,12.0,0.5,7316,8205,11,8,11,0
1.0,12.0,0.6,7342,8418,12,6,12,0
1.0,12.0,0.7,7459,8455,11,8,11,0
1.0,12.0,0.8,7228,8103,10,6,10,0
1.0,12.0,0.9,6348,7365,12,6,12,0
1.0,12.0,1.0,6659,7528,9,7,9,0
1.0,15.0,0.0,13532,18022,44,10,45,0
1.0,15.0,0.1,12571,16752,39,11,40,0
1.0,15.0,0.2,11569,15772,40,10,41,0
1.0,15.0,0.3,11840,15667,37,10,38,0
1.0,15.0,0.4,10270,14171,37,9,37,0
1.0,15.0,0.5,10447,13869,33,10,33,0
1.0,15.0,0.6,9757,13118,34,10,35,0
1.0,15.0,0.7,11597,15375,33,9,33,0
1.0,15.0,0.8,10146,13491,33,9,34,0
1.0,15.0,0.9,8122,11610,33,10,33,0
1.0,15.0,1.0,10228,13317,31,10,31,0
1.0,18.0,0.0,16880,26464,78,12,84,1
1.0,18.0,0.1,17490,26542,74,11,78,0
1.0,18.0,0.2,17000,25652,72,12,76,0
1.0,18.0,0.3,18004,26218,70,12,74,1
1.0,18.0,0.4,15510,23728,67,10,72,1
1.0,18.0,0.5,14710,22945,69,11,71,0
1.0,18.0,0.6,14225,22050,65,11,68,0
1.0,18.0,0.7,14759,22747,67,11,69,0
1.0,18.0,0.8,15914,23468,63,11,65,0
1.0,18.0,0.9,12970,20897,67,10,69,0
1.0,18.0,1.0,14810,22127,61,10,64,0
1.0,21.0,0.0,19365,34911,117,12,125,2
1.0,21.0,0.1,18482,33444,109,12,125,2
1.0,21.0,0.2,19280,33473,106,12,116,2
1.0,21.0,0.3,18857,32145,104,12,113,2
1.0,21.0,0.4,17970,32264,104,12,119,3
1.0,21.0,0.5,18204,32465,108,12,114,2
1.0,21.0,0.6,17610,30316,98,12,109,2
1.0,21.0,0.7,18352,30979,99,13,106,2
1.0,21.0,0.8,17784,29963,95,13,103,1
1.0,21.0,0.9,17363,30709,100,12,109,2
1.0,21.0,1.0,17564,30174,98,12,107,2
1.0,24.0,0.0,19117,40256,140,12,165,4
1.0,24.0,0.1,18777,40033,140,12,170,6
1.0,24.0,0.2,19428,39215,133,12,165,6
1.0,24.0,0.3,18738,38148,134,12,160,4
1.0,24.0,0.4,19454,37633,130,13,147,3
1.0,24.0,0.5,18885,38068,135,12,156,4
1.0,24.0,0.6,19417,37680,130,12,160,4
1.0,24.0,0.7,18360,36906,134,12,150,3
1.0,24.0,0.8,20213,37803,125,12,143,4
1.0,24.0,0.9,17680,35629,130,13,149,3
1.0,24.0,1.0,17643,34781,126,13,140,4
1.0,27.0,0.0,18268,45297,169,12,215,7
1.0,27.0,0.1,17766,44823,166,11,224,8
1.0,27.0,0.2,18347,43985,161,11,209,6
1.0,27.0,0.3,18640,44029,161,12,210,7
1.0,27.0,0.4,17889,42449,156,12,209,8
1.0,27.0,0.5,18575,42324,156,12,188,6
1.0,27.0,0.6,18275,42581,162,12,203,6
1.0,27.0,0.7,19810,42430,152,12,185,6
1.0,27.0,0.8,19378,42042,156,12,186,6
1.0,27.0,0.9,19472,42017,148,13,181,6
1.0,27.0,1.0,19168,40921,154,13,178,5
1.0,30.0,0.0,16364,48616,181,10,255,10
1.0,30.0,0.1,16048,47869,181,11,271,12
1.0,30.0,0.2,17256,47008,179,12,246,11
1.0,30.0,0.3,17623,47660,180,11,240,10
1.0,30.0,0.4,17756,46711,180,11,241,9
1.0,30.0,0.5,18323,47292,174,12,238,10
1.0,30.0,0.6,18229,45877,179,12,227,8
1.0,30.0,0.7,18612,46965,181,12,236,9
1.0,30.0,0.8,18441,45908,180,12,236,9
1.0,30.0,0.9,17974,44417,176,12,228,8
1.0,30.0,1.0,18417,45018,177,12,224,8
2.0,0.0,0.0,1790,1790,0,0,0,0
2.0,0.0,0.1,1807,1807,0,0,0,0
2.0,0.0,0.2,1984,1984,0,0,0,0
2.0,0.0,0.3,2059,2059,0,0,0,0
2.0,0.0,0.4,1966,1966,0,0,0,0
2.0,0.0,0.5,1963,1963,0,0,0,0
2.0,0.0,0.6,2073,2073,0,0,0,0
2.0,0.0,0.7,1868,1868,0,0,0,0
2.0,0.0,0.8,1770,1770,0,0,0,0
2.0,0.0,0.9,1902,1902,0,0,0,0
2.0,0.0,1.0,1816,1816,0,0,0,0
2.0,3.0,0.0,2821,2826,0,1,0,0
2.0,3.0,0.1,2280,2280,0,0,0,0
2.0,3.0,0.2,2559,2567,0,0,0,0
2.0,3.0,0.3,2544,2544,0,0,0,0
2.0,3.0,0.4,2539,2548,0,1,0,0
2.0,3.0,0.5,2543,2543,0,0,0,0
2.0,3.0,0.6,2539,2549,0,1,0,0
2.0,3.0,0.7,2591,2594,0,0,0,0
2.0,3.0,0.8,2791,2791,0,0,0,0
2.0,3.0,0.9,2439,2439,0,1,0,0
2.0,3.0,1.0,2494,2514,0,0,0,0
2.0,6.0,0.0,3652,3706,1,2,1,0
2.0,6.0,0.1,3748,3861,2,2,2,0
2.0,6.0,0.2,3462,3573,2,2,2,0
2.0,6.0,0.3,3574,3665,2,2,2,0
2.0,6.0,0.4,3419,3559,2,2,2,0
2.0,6.0,0.5,3969,4043,1,2,1,0
2.0,6.0,0.6,3569,3672,2,2,2,0
2.0,6.0,0.7,3542,3612,1,3,1,0
2.0,6.0,0.8,3933,4039,2,2,2,0
2.0,6.0,0.9,3637,3708,1,2,1,0
2.0,6.0,1.0,3880,3971,1,2,1,0
2.0,9.0,0.0,6104,7157,14,6,14,0
2.0,9.0,0.1,5691,6823,15,6,15,0
2.0,9.0,0.2,5988,7023,14,7,14,0
2.0,9.0,0.3,5459,6644,16,6,16,0
2.0,9.0,0.4,5429,6416,13,6,13,0
2.0,9.0,0.5,5361,6242,12,6,12,0
2.0,9.0,0.6,6323,7504,15,5,15,0
2.0,9.0,0.7,5205,6221,14,5,14,0
2.0,9.0,0.8,5550,6559,13,6,13,0
2.0,9.0,0.9,5408,6396,13,6,13,0
2.0,9.0,1.0,5435,6472,14,5,14,0
2.0,12.0,0.0,8282,13364,57,9,58,0
2.0,12.0,0.1,9144,13872,50,10,50,0
2.0,12.0,0.2,8371,13203,51,8,51,0
2.0,12.0,0.3,8850,13098,45,8,46,0
2.0,12.0,0.4,7988,12444,49,8,50,0
2.0,12.0,0.5,9672,13693,45,8,45,0
2.0,12.0,0.6,7854,12087,46,8,47,0
2.0,12.0,0.7,8684,13054,45,8,46,0
2.0,12.0,0.8,7313,11585,47,7,48,0
2.0,12.0,0.9,7170,11140,44,8,44,0
2.0,12.0,1.0,7369,11276,43,9,44,0
2.0,15.0,0.0,14195,26150,106,11,110,1
2.0,15.0,0.1,13299,24646,104,10,107,0
2.0,15.0,0.2,12947,23947,100,11,104,1
2.0,15.0,0.3,13013,23079,95,11,97,0
2.0,15.0,0.4,10879,20712,90,10,93,0
2.0,15.0,0.5,12269,21379,90,10,91,0
2.0,15.0,0.6,12164,21796,92,10,95,0
2.0,15.0,0.7,10477,20126,90,10,94,1
2.0,15.0,0.8,11473,20941,90,10,94,1
2.0,15.0,0.9,10520,19557,84,10,87,0
2.0,15.0,1.0,12328,21652,87,10,88,0
2.0,18.0,0.0,16196,35706,151,11,164,2
2.0,18.0,0.1,15908,34620,146,12,156,2
2.0,18.0,0.2,16089,33737,144,10,156,2
2.0,18.0,0.3,15052,32938,147,11,154,1
2.0,18.0,0.4,15548,32392,140,11,150,2
2.0,18.0,0.5,14147,31312,144,12,151,2
2.0,18.0,0.6,15826,31592,137,12,144,1
2.0,18.0,0.7,14472,30146,136,11,144,1
2.0,18.0,0.8,14107,29698,134,11,141,1
2.0,18.0,0.9,14651,30668,136,12,144,2
2.0,18.0,1.0,13016,28456,138,11,144,1
2.0,21.0,0.0,15884,41909,180,11,214,5
2.0,21.0,0.1,15415,40161,181,11,213,5
2.0,21.0,0.2,16165,40300,174,12,198,3
2.0,21.0,0.3,16966,40456,176,11,196,3
2.0,21.0,0.4,16216,39106,177,11,196,3
2.0,21.0,0.5,17159,39205,174,12,199,4
2.0,21.0,0.6,16064,38640,172,12,192,4
2.0,21.0,0.7,16655,38631,170,11,195,4
2.0,21.0,0.8,15773,37889,175,12,194,3
2.0,21.0,0.9,16082,36923,164,12,183,3
2.0,21.0,1.0,15262,36348,170,12,186,3
2.0,24.0,0.0,15319,46006,204,11,250,7
2.0,24.0,0.1,15119,45410,208,11,256,7
2.0,24.0,0.2,15659,45984,203,12,252,7
2.0,24.0,0.3,15897,45364,201,11,240,6
2.0,24.0,0.4,16127,44335,198,11,235,5
2.0,24.0,0.5,15734,44029,204,12,239,6
2.0,24.0,0.6,16442,43896,199,11,230,5
2.0,24.0,0.7,16803,43936,196,12,233,6
2.0,24.0,0.8,15676,42448,196,12,233,6
2.0,24.0,0.9,15268,42225,203,12,238,5
2.0,24.0,1.0,16493,42656,202,12,228,4
2.0,27.0,0.0,13992,49826,224,10,277,8
2.0,27.0,0.1,14054,49496,228,10,289,9
2.0,27.0,0.2,13440,49078,224,10,298,11
2.0,27.0,0.3,14440,49780,227,11,293,10
2.0,27.0,0.4,14846,47334,223,11,278,8
2.0,27.0,0.5,14905,48280,225,11,289,10
2.0,27.0,0.6,14866,47662,222,11,282,9
2.0,27.0,0.7,15487,48120,227,11,281,9
2.0,27.0,0.8,15995,47795,223,11,274,9
2.0,27.0,0.9,15475,47881,229,11,278,9
2.0,27.0,1.0,16029,47005,216,12,270,8
2.0,30.0,0.0,12256,52003,231,9,313,10
2.0,30.0,0.1,11969,51803,238,10,313,12
2.0,30.0,0.2,13097,52633,239,9,315,11
2.0,30.0,0.3,13072,51386,239,9,312,11
2.0,30.0,0.4,13186,51295,235,10,316,12
2.0,30.0,0.5,12903,50860,247,10,312,11
2.0,30.0,0.6,13050,50221,243,10,313,12
2.0,30.0,0.7,14044,50532,236,11,296,11
2.0,30.0,0.8,13284,49544,237,11,316,11
2.0,30.0,0.9,14846,50292,236,11,296,9
2.0,30.0,1.0,13802,49025,238,11,308,11
3.0,0.0,0.0,2038,2038,0,0,0,0
3.0,0.0,0.1,1984,1984,0,0,0,0
3.0,0.0,0.2,1980,1980,0,0,0,0
3.0,0.0,0.3,1898,1898,0,0,0,0
3.0,0.0,0.4,2026,2026,0,0,0,0
3.0,0.0,0.5,1794,1794,0,0,0,0
3.0,0.0,0.6,1719,1720,0,0,0,0
3.0,0.0,0.7,2087,2087,0,0,0,0
3.0,0.0,0.8,2140,2140,0,0,0,0
3.0,0.0,0.9,2142,2142,0,0,0,0
3.0,0.0,1.0,1982,1982,0,0,0,0
3.0,3.0,0.0,2389,2399,0,0,0,0
3.0,3.0,0.1,2621,2633,0,1,0,0
3.0,3.0,0.2,2622,2644,1,1,1,0
3.0,3.0,0.3,2403,2408,0,1,0,0
3.0,3.0,0.4,2819,2824,0,1,0,0
3.0,3.0,0.5,2521,2537,0,1,0,0
3.0,3.0,0.6,2748,2758,0,1,0,0
3.0,3.0,0.7,3011,3024,0,1,0,0
3.0,3.0,0.8,2643,2680,1,1,1,0
3.0,3.0,0.9,2763,2781,1,0,1,0
3.0,3.0,1.0,2897,2923,1,1,1,0
3.0,6.0,0.0,3849,4327,9,4,9,0
3.0,6.0,0.1,4206,4755,11,3,11,0
3.0,6.0,0.2,3774,4341,10,4,10,0
3.0,6.0,0.3,3857,4432,10,3,10,0
3.0,6.0,0.4,3618,4207,10,3,10,0
3.0,6.0,0.5,3920,4490,10,4,10,0
3.0,6.0,0.6,3951,4556,10,4,10,0
3.0,6.0,0.7,4100,4647,9,3,9,0
3.0,6.0,0.8,3853,4493,11,4,11,0
3.0,6.0,0.9,3844,4362,10,4,10,0
3.0,6.0,1.0,3654,4202,9,3,9,0
3.0,9.0,0.0,5783,9679,50,7,51,0
3.0,9.0,0.1,6099,9700,48,7,48,0
3.0,9.0,0.2,6333,10594,53,7,53,0
3.0,9.0,0.3,5820,9710,50,6,50,0
3.0,9.0,0.4,5498,9751,52,7,53,0
3.0,9.0,0.5,5474,9338,50,7,51,0
3.0,9.0,0.6,5345,9026,47,6,47,0
3.0,9.0,0.7,5811,9672,50,6,50,0
3.0,9.0,0.8,5392,8936,46,6,46,0
3.0,9.0,0.9,5304,9090,49,6,49,0
3.0,9.0,1.0,5185,8947,49,5,49,0
3.0,12.0,0.0,9149,20142,115,10,116,0
3.0,12.0,0.1,8602,19124,112,9,113,0
3.0,12.0,0.2,9162,19531,112,9,113,0
3.0,12.0,0.3,7836,18420,111,9,113,0
3.0,12.0,0.4,9322,19470,107,9,109,0
3.0,12.0,0.5,9810,19744,107,8,108,0
3.0,12.0,0.6,9526,19577,107,9,109,0
3.0,12.0,0.7,7431,16828,102,8,104,0
3.0,12.0,0.8,8634,18286,104,8,105,0
3.0,12.0,0.9,8466,18083,104,8,105,0
3.0,12.0,1.0,9492,19360,106,8,108,0
3.0,15.0,0.0,11771,31188,176,10,184,1
3.0,15.0,0.1,12670,31738,175,10,180,1
3.0,15.0,0.2,11972,30133,167,10,171,0
3.0,15.0,0.3,12987,31578,170,11,176,1
3.0,15.0,0.4,12726,30607,164,10,169,0
3.0,15.0,0.5,11432,28911,168,10,174,1
3.0,15.0,0.6,12084,29379,163,10,170,1
3.0,15.0,0.7,11064,27407,155,9,160,0
3.0,15.0,0.8,10959,27669,164,10,168,1
3.0,15.0,0.9,12651,29062,160,10,166,1
3.0,15.0,1.0,10071,26595,160,9,167,1
3.0,18.0,0.0,12629,39698,214,10,234,3
3.0,18.0,0.1,12751,39516,216,11,232,2
3.0,18.0,0.2,12752,39583,215,11,235,2
3.0,18.0,0.3,13032,39050,217,12,230,2
3.0,18.0,0.4,14215,39398,215,11,230,2
3.0,18.0,0.5,12629,37711,213,10,228,2
3.0,18.0,0.6,13232,38051,210,10,225,2
3.0,18.0,0.7,12648,37258,213,10,230,3
3.0,18.0,0.8,13027,37036,210,11,221,2
3.0,18.0,0.9,13383,36387,202,11,214,2
3.0,18.0,1.0,13564,36736,204,11,219,2
3.0,21.0,0.0,11331,45059,249,11,282,5
3.0,21.0,0.1,11873,44061,239,10,273,5
3.0,21.0,0.2,12574,44984,244,10,273,4
3.0,21.0,0.3,12038,43654,243,11,270,4
3.0,21.0,0.4,11846,44162,246,11,280,6
3.0,21.0,0.5,13126,43685,241,12,270,5
3.0,21.0,0.6,13013,44033,244,11,271,4
3.0,21.0,0.7,13215,43699,245,12,274,6
3.0,21.0,0.8,13593,44466,247,11,274,4
3.0,21.0,0.9,13087,42539,246,12,271,4
3.0,21.0,1.0,12782,42933,243,11,272,5
3.0,24.0,0.0,10645,49388,266,9,309,7
3.0,24.0,0.1,10519,48524,258,9,303,6
3.0,24.0,0.2,10416,48814,263,10,315,8
3.0,24.0,0.3,11059,48697,261,9,311,8
3.0,24.0,0.4,11511,49039,264,9,310,7
3.0,24.0,0.5,11424,48171,264,10,309,7
3.0,24.0,0.6,11990,48727,266,10,312,8
3.0,24.0,0.7,10835,47008,260,10,312,8
3.0,24.0,0.8,12573,47966,264,11,305,6
3.0,24.0,0.9,11945,47600,266,11,312,8
3.0,24.0,1.0,12477,47859,263,11,312,7
3.0,27.0,0.0,8897,52427,272,8,332,10
3.0,27.0,0.1,9663,52243,274,9,328,8
3.0,27.0,0.2,9864,51091,274,9,330,9
3.0,27.0,0.3,10164,51191,274,9,330,9
3.0,27.0,0.4,10906,51593,276,9,329,9
3.0,27.0,0.5,9985,51423,279,9,336,10
3.0,27.0,0.6,10606,50889,281,9,328,7
3.0,27.0,0.7,11193,51684,282,9,335,9
3.0,27.0,0.8,11542,51141,282,10,336,8
3.0,27.0,0.9,11650,50640,276,10,337,10
3.0,27.0,1.0,11149,50726,286,10,344,9
3.0,30.0,0.0,8047,53721,278,8,337,9
3.0,30.0,0.1,9321,55129,288,8,347,8
3.0,30.0,0.2,9763,54550,286,8,338,8
3.0,30.0,0.3,8762,53721,286,10,353,9
3.0,30.0,0.4,8507,53634,287,10,353,11
3.0,30.0,0.5,9342,53800,285,10,349,10
3.0,30.0,0.6,10020,53430,280,9,358,11
3.0,30.0,0.7,9857,53292,286,9,354,12
3.0,30.0,0.8,10370,53112,285,10,348,9
3.0,30.0,0.9,10676,52971,282,9,346,10
3.0,30.0,1.0,10186,52524,286,9,361,12
4.0,0.0,0.0,1942,1942,0,0,0,0
4.0,0.0,0.1,1861,1861,0,0,0,0
4.0,0.0,0.2,1811,1811,0,0,0,0
4.0,0.0,0.3,1762,1762,0,0,0,0
4.0,0.0,0.4,1825,1825,0,0,0,0
4.0,0.0,0.5,2000,2002,0,0,0,0
4.0,0.0,0.6,1855,1855,0,0,0,0
4.0,0.0,0.7,1804,1804,0,0,0,0
4.0,0.0,0.8,1918,1918,0,0,0,0
4.0,0.0,0.9,1880,1880,0,0,0,0
4.0,0.0,1.0,1699,1699,0,0,0,0
4.0,3.0,0.0,2540,2650,3,1,3,0
4.0,3.0,0.1,2681,2762,2,1,2,0
4.0,3.0,0.2,2629,2716,3,1,3,0
4.0,3.0,0.3,2859,2927,2,1,2,0
4.0,3.0,0.4,2601,2707,2,1,2,0
4.0,3.0,0.5,2768,2838,2,1,2,0
4.0,3.0,0.6,2617,2723,3,1,3,0
4.0,3.0,0.7,2715,2822,3,0,3,0
4.0,3.0,0.8,2616,2697,2,1,2,0
4.0,3.0,0.9,2501,2557,2,0,2,0
4.0,3.0,1.0,2708,2830,3,2,3,0
4.0,6.0,0.0,3899,5924,35,4,35,0
4.0,6.0,0.1,3690,5444,32,3,32,0
4.0,6.0,0.2,3813,5454,30,4,30,0
4.0,6.0,0.3,3709,5581,32,4,32,0
4.0,6.0,0.4,3701,5582,32,4,32,0
4.0,6.0,0.5,3771,5557,29,4,29,0
4.0,6.0,0.6,3886,5767,31,4,31,0
4.0,6.0,0.7,3996,5798,31,3,32,0
4.0,6.0,0.8,3746,5447,29,3,30,0
4.0,6.0,0.9,3884,5640,31,4,31,0
4.0,6.0,1.0,3724,5371,30,4,30,0
4.0,9.0,0.0,5353,13218,99,7,99,0
4.0,9.0,0.1,5021,12480,93,6,94,0
4.0,9.0,0.2,6652,14052,95,7,96,0
4.0,9.0,0.3,5241,12788,97,6,98,0
4.0,9.0,0.4,5420,12603,89,6,90,0
4.0,9.0,0.5,4892,12569,101,5,103,0
4.0,9.0,0.6,5053,12657,96,6,98,0
4.0,9.0,0.7,4805,12344,97,6,98,0
4.0,9.0,0.8,5655,12906,94,5,96,0
4.0,9.0,0.9,5109,12235,95,6,98,0
4.0,9.0,1.0,4951,12134,97,6,97,0
4.0,12.0,0.0,7435,23648,174,8,176,0
4.0,12.0,0.1,7871,24091,168,8,172,0
4.0,12.0,0.2,7885,23835,170,8,171,0
4.0,12.0,0.3,6402,22124,168,8,171,0
4.0,12.0,0.4,6598,22024,170,8,173,0
4.0,12.0,0.5,7938,23349,166,8,168,0
4.0,12.0,0.6,7526,23310,170,8,174,0
4.0,12.0,0.7,8330,24043,170,7,174,0
4.0,12.0,0.8,7589,22557,164,8,168,0
4.0,12.0,0.9,8516,23308,164,7,168,0
4.0,12.0,1.0,7674,22049,160,7,163,0
4.0,15.0,0.0,9694,34992,236,10,244,1
4.0,15.0,0.1,9985,35005,232,8,240,1
4.0,15.0,0.2,10751,35325,230,9,236,0
4.0,15.0,0.3,9763,33857,229,9,233,0
4.0,15.0,0.4,10442,34498,226,9,234,1
4.0,15.0,0.5,8929,32627,229,8,236,1
4.0,15.0,0.6,10527,34268,230,9,234,0
4.0,15.0,0.7,10225,34058,230,8,235,0
4.0,15.0,0.8,9609,32948,226,9,232,0
4.0,15.0,0.9,9372,31961,225,8,233,1
4.0,15.0,1.0,10532,33472,224,9,230,1
4.0,18.0,0.0,9400,42562,269,10,284,1
4.0,18.0,0.1,9128,41353,265,10,280,2
4.0,18.0,0.2,9437,41714,265,11,280,2
4.0,18.0,0.3,10047,41899,271,10,286,2
4.0,18.0,0.4,9682,41926,270,11,288,3
4.0,18.0,0.5,10802,41889,264,10,279,2
4.0,18.0,0.6,10547,41821,270,11,281,1
4.0,18.0,0.7,10181,40301,262,10,280,2
4.0,18.0,0.8,10124,40213,266,10,278,1
4.0,18.0,0.9,10302,41040,266,10,284,3
4.0,18.0,1.0,10049,39655,268,10,281,2
4.0,21.0,0.0,8553,48003,294,8,314,3
4.0,21.0,0.1,8844,47135,285,9,310,4
4.0,21.0,0.2,8347,47156,292,10,315,3
4.0,21.0,0.3,8806,47275,299,9,321,3
4.0,21.0,0.4,8664,46405,289,9,320,4
4.0,21.0,0.5,8829,46234,293,9,315,3
4.0,21.0,0.6,9256,46101,293,10,317,3
4.0,21.0,0.7,9663,46970,295,10,318,2
4.0,21.0,0.8,9615,46362,293,10,322,4
4.0,21.0,0.9,9757,46502,301,9,325,4
4.0,21.0,1.0,9244,45834,298,9,324,4
4.0,24.0,0.0,6899,50197,294,7,324,4
4.0,24.0,0.1,7278,50315,299,8,331,5
4.0,24.0,0.2,7429,49842,297,8,324,3
4.0,24.0,0.3,7657,49924,302,9,325,3
4.0,24.0,0.4,7874,50178,305,8,340,5
4.0,24.0,0.5,8346,50506,304,8,338,5
4.0,24.0,0.6,8293,49989,302,8,341,5
4.0,24.0,0.7,8084,49841,310,9,346,6
4.0,24.0,0.8,8802,50173,308,9,343,5
4.0,24.0,0.9,9677,51078,303,9,338,4
4.0,24.0,1.0,9217,50330,308,8,341,5
4.0,27.0,0.0,7207,53429,293,7,331,4
4.0,27.0,0.1,6530,52882,292,6,332,4
4.0,27.0,0.2,7498,53626,303,7,338,4
4.0,27.0,0.3,7307,53348,301,8,334,4
4.0,27.0,0.4,6907,52668,299,7,338,4
4.0,27.0,0.5,7853,53146,305,8,342,5
4.0,27.0,0.6,7345,52422,306,8,344,5
4.0,27.0,0.7,8048,53355,310,8,347,5
4.0,27.0,0.8,8254,53374,316,8,348,4
4.0,27.0,0.9,8376,52754,307,9,349,6
4.0,27.0,1.0,7678,52553,314,8,362,5
4.0,30.0,0.0,5684,54206,284,6,323,2
4.0,30.0,0.1,5770,54408,292,6,330,3
4.0,30.0,0.2,6180,54220,296,6,335,3
4.0,30.0,0.3,6619,53931,294,7,340,5
4.0,30.0,0.4,7023,55260,301,6,341,4
4.0,30.0,0.5,7382,55878,298,8,340,4
4.0,30.0,0.6,7342,55206,300,7,348,4
4.0,30.0,0.7,7143,54855,310,7,353,5
4.0,30.0,0.8,8109,55533,308,8,353,5
4.0,30.0,0.9,7728,55130,313,8,356,5
4.0,30.0,1.0,7696,54421,308,8,354,5
5.0,0.0,0.0,1841,1842,0,0,0,0
5.0,0.0,0.1,1930,1930,0,0,0,0
5.0,0.0,0.2,1893,1897,0,0,0,0
5.0,0.0,0.3,1858,1858,0,0,0,0
5.0,0.0,0.4,1941,1941,0,0,0,0
5.0,0.0,0.5,1852,1852,0,0,0,0
5.0,0.0,0.6,2020,2020,0,0,0,0
5.0,0.0,0.7,1862,1862,0,0,0,0
5.0,0.0,0.8,1910,1910,0,0,0,0
5.0,0.0,0.9,1984,1986,0,0,0,0
5.0,0.0,1.0,2117,2119,0,0,0,0
5.0,3.0,0.0,2676,2929,7,1,7,0
5.0,3.0,0.1,2473,2775,8,0,8,0
5.0,3.0,0.2,2397,2650,7,1,7,0
5.0,3.0,0.3,2491,2756,8,0,8,0
5.0,3.0,0.4,2495,2729,6,1,6,0
5.0,3.0,0.5,2707,2950,7,1,7,0
5.0,3.0,0.6,2533,2787,7,1,7,0
5.0,3.0,0.7,2524,2804,7,1,7,0
5.0,3.0,0.8,2452,2692,7,0,7,0
5.0,3.0,0.9,2649,2943,7,0,7,0
5.0,3.0,1.0,2393,2665,7,0,7,0
5.0,6.0,0.0,3714,6823,50,3,51,0
5.0,6.0,0.1,3530,7005,56,3,56,0
5.0,6.0,0.2,3466,7026,57,3,57,0
5.0,6.0,0.3,4065,7088,51,4,52,0
5.0,6.0,0.4,3505,6980,56,4,56,0
5.0,6.0,0.5,3610,7288,60,3,60,0
5.0,6.0,0.6,3375,6644,54,3,54,0
5.0,6.0,0.7,4354,7884,59,3,59,0
5.0,6.0,0.8,3238,6567,57,3,57,0
5.0,6.0,0.9,3677,7002,55,3,55,0
5.0,6.0,1.0,3449,6866,60,2,60,0
5.0,9.0,0.0,4978,15571,134,5,136,0
5.0,9.0,0.1,5264,16470,139,5,140,0
5.0,9.0,0.2,4133,14986,137,5,138,0
5.0,9.0,0.3,4473,15726,138,4,139,0
5.0,9.0,0.4,4988,16132,136,5,138,0
5.0,9.0,0.5,4372,15201,138,5,139,0
5.0,9.0,0.6,4302,15598,143,5,144,0
5.0,9.0,0.7,4246,14834,134,6,135,0
5.0,9.0,0.8,5242,15901,137,5,138,0
5.0,9.0,0.9,4654,15227,136,4,137,0
5.0,9.0,1.0,4345,15286,137,6,139,0
5.0,12.0,0.0,7762,28320,216,6,219,0
5.0,12.0,0.1,6536,26721,211,7,216,0
5.0,12.0,0.2,7418,27211,207,6,211,0
5.0,12.0,0.3,7324,27011,207,6,212,0
5.0,12.0,0.4,6609,26797,212,6,218,0
5.0,12.0,0.5,6422,26286,212,6,216,0
5.0,12.0,0.6,7053,26441,211,6,213,0
5.0,12.0,0.7,5780,25914,213,6,216,0
5.0,12.0,0.8,8311,27223,208,6,212,0
5.0,12.0,0.9,6092,26169,217,6,221,0
5.0,12.0,1.0,6537,26740,216,6,220,0
5.0,15.0,0.0,8073,37521,266,9,274,0
5.0,15.0,0.1,8585,37657,260,9,267,0
5.0,15.0,0.2,8106,36623,265,9,275,0
5.0,15.0,0.3,7913,36863,267,9,274,0
5.0,15.0,0.4,7382,35545,263,10,269,0
5.0,15.0,0.5,7314,36033,270,9,278,0
5.0,15.0,0.6,8024,36488,264,9,272,1
5.0,15.0,0.7,8215,36077,265,9,272,1
5.0,15.0,0.8,8745,36508,266,9,274,1
5.0,15.0,0.9,7959,36058,270,8,277,0
5.0,15.0,1.0,7751,35180,265,8,272,0
5.0,18.0,0.0,6635,43973,294,8,306,1
5.0,18.0,0.1,6568,44057,300,8,312,0
5.0,18.0,0.2,6926,43354,295,8,308,0
5.0,18.0,0.3,6554,43257,298,8,311,1
5.0,18.0,0.4,6829,43199,300,9,313,1
5.0,18.0,0.5,6945,42880,301,8,311,1
5.0,18.0,0.6,7437,43384,305,8,316,1
5.0,18.0,0.7,7672,43826,306,8,317,1
5.0,18.0,0.8,7055,43418,305,8,320,1
5.0,18.0,0.9,7072,42475,304,8,318,0
5.0,18.0,1.0,7499,42570,301,8,314,1
5.0,21.0,0.0,5524,47446,304,6,316,1
5.0,21.0,0.1,6080,48047,305,6,320,1
5.0,21.0,0.2,5909,47828,303,6,320,1
5.0,21.0,0.3,6098,47333,302,7,319,1
5.0,21.0,0.4,6047,47866,310,7,324,0
5.0,21.0,0.5,6458,48217,308,6,324,1
5.0,21.0,0.6,6481,47969,312,6,330,2
5.0,21.0,0.7,6178,47475,309,7,330,2
5.0,21.0,0.8,6533,47970,316,7,337,2
5.0,21.0,0.9,6751,48034,314,7,335,1
5.0,21.0,1.0,6810,47614,316,6,334,1
5.0,24.0,0.0,4335,50193,293,5,313,1
5.0,24.0,0.1,5640,51200,297,5,317,0
5.0,24.0,0.2,5118,50352,303,5,320,1
5.0,24.0,0.3,5720,51161,306,6,325,1
5.0,24.0,0.4,5850,50794,306,6,326,2
5.0,24.0,0.5,5177,50562,309,6,329,1
5.0,24.0,0.6,5863,50841,308,6,330,1
5.0,24.0,0.7,6017,51197,312,6,335,2
5.0,24.0,0.8,5304,49943,314,6,335,1
5.0,24.0,0.9,6151,51621,317,7,338,1
5.0,24.0,1.0,6190,50555,314,7,339,2
5.0,27.0,0.0,4389,52341,290,5,312,1
5.0,27.0,0.1,4247,52214,289,4,315,1
5.0,27.0,0.2,5112,52931,295,5,318,1
5.0,27.0,0.3,4393,52936,302,4,328,1
5.0,27.0,0.4,4741,52859,298,5,327,2
5.0,27.0,0.5,5105,52940,301,4,325,0
5.0,27.0,0.6,4904,52999,306,5,331,0
5.0,27.0,0.7,5162,52485,307,6,330,1
5.0,27.0,0.8,5317,52999,306,6,333,1
5.0,27.0,0.9,5602,53577,312,6,334,2
5.0,27.0,1.0,5772,53243,311,6,337,2
5.0,30.0,0.0,4357,54819,291,4,317,1
5.0,30.0,0.1,4459,54567,289,4,314,1
5.0,30.0,0.2,4314,54262,286,5,316,1
5.0,30.0,0.3,4259,54581,291,4,315,1
5.0,30.0,0.4,4352,54183,299,4,326,1
5.0,30.0,0.5,4771,54495,290,4,320,1
5.0,30.0,0.6,4662,54740,302,5,331,2
5.0,30.0,0.7,5247,54737,303,6,333,2
5.0,30.0,0.8,4715,54368,293,6,330,1
5.0,30.0,0.9,4578,54326,305,5,335,1
5.0,30.0,1.0,5492,54989,311,5,344,2
